"DealerId","Year","Make","Model","VIN","Stock #","Mileage","Inventory Date","MSRP","Invoice","Exterior Color","Interior Color","Options","Photos","Exterior Color Code","Option Codes","Interior Color Code","Model Code","New/Used","Trim","Transmission","List Price","Certified","Certified Program Name"
"volvofrederick","2022","Volvo","XC60 Recharge Plug-In Hybrid","YV4BR0DL9N1995878","V995878","","12/31/2021","73305","","Denim Blue Metallic","Charcoal","Navigation system: Sensus Navigation|Advanced Package|Climate Package|Protection Package Premier|14 Speakers|AM/FM radio: SiriusXM|harman/kardon® Speakers|Premium audio system: Sensus Connect|Radio data system|Radio: Bowers & Wilkins Premium Sound System|Radio: harman/kardon Premium Audio System|Air Conditioning|Air Quality w/Advanced Air Cleaner|Automatic temperature control|Front dual zone A/C|Rear window defroster|Heated Rear Seats|Memory seat|Power driver seat|Power steering|Power windows|Remote keyless entry|Steering wheel mounted audio controls|4-Corner Air Suspension|Four wheel independent suspension|Traction control|4-Wheel Disc Brakes|ABS brakes|Anti-whiplash front head restraints|Dual front impact airbags|Dual front side impact airbags|Emergency communication system: Volvo Cars App w/4 Year Subscription|Front anti-roll bar|Knee airbag|Low tire pressure warning|Occupant sensing airbag|Overhead airbag|Power adjustable rear head restraints|Rear anti-roll bar|Power moonroof|Brake assist|Electronic Stability Control|Exterior Parking Camera Rear|Auto High-beam Headlights|Delay-off headlights|Fully automatic headlights|Rear fog lights|Panic alarm|Security system|Pilot Assist Driver Assistance System|Speed control|Auto-dimming door mirrors|Bumper Cover|Bumpers: body-color|Heated door mirrors|License Plate Frame|Power door mirrors|Roof rack: rails only|Spoiler|Turn signal indicator mirrors|12V Outlet in Cargo Area|360 Degree Surroundview Camera|Auto-dimming Rear-View mirror|Driver door bin|Driver vanity mirror|Front Heated & Ventilated Bucket Seats|Front reading lights|Garage door transmitter: HomeLink|Genuine wood console insert|Genuine wood dashboard insert|Genuine wood door panel insert|Graphical Head-Up Display|Heated Steering Wheel|Illuminated entry|Leather Shift Knob|Outside temperature display|Passenger vanity mirror|Rear reading lights|Rear seat center armrest|Rubber Floor Mats|Tachometer|Telescoping steering wheel|Tilt steering wheel|Trip computer|Front Bucket Seats|Front Center Armrest|Heated front seats|Perforated Nappa Leather Upholstery|Power passenger seat|Split folding rear seat|Ventilated front seats|Cargo Tray|Luggage Cover|Passenger door bin|Alloy wheels|Wheel Locks|Wheels: 19"" 5-Multi Spoke Black Diamond Cut Alloy|Wheels: 20"" 5-Multi Spoke Black Diamond Cut Alloy|Headlight High Pressure Cleaning|Rain sensing wipers|Rear window wiper|Variably intermittent wipers","http://vehicle-photos-published.vauto.com/b0/e5/21/07-7ede-4a52-8dfb-47f0d8830c53/image-1.jpg|http://vehicle-photos-published.vauto.com/b0/e5/21/07-7ede-4a52-8dfb-47f0d8830c53/image-2.jpg|http://vehicle-photos-published.vauto.com/b0/e5/21/07-7ede-4a52-8dfb-47f0d8830c53/image-3.jpg|http://vehicle-photos-published.vauto.com/b0/e5/21/07-7ede-4a52-8dfb-47f0d8830c53/image-4.jpg|http://vehicle-photos-published.vauto.com/b0/e5/21/07-7ede-4a52-8dfb-47f0d8830c53/image-5.jpg|http://vehicle-photos-published.vauto.com/b0/e5/21/07-7ede-4a52-8dfb-47f0d8830c53/image-6.jpg|http://vehicle-photos-published.vauto.com/b0/e5/21/07-7ede-4a52-8dfb-47f0d8830c53/image-7.jpg|http://vehicle-photos-published.vauto.com/b0/e5/21/07-7ede-4a52-8dfb-47f0d8830c53/image-8.jpg|http://vehicle-photos-published.vauto.com/b0/e5/21/07-7ede-4a52-8dfb-47f0d8830c53/image-9.jpg|http://vehicle-photos-published.vauto.com/b0/e5/21/07-7ede-4a52-8dfb-47f0d8830c53/image-10.jpg|http://vehicle-photos-published.vauto.com/b0/e5/21/07-7ede-4a52-8dfb-47f0d8830c53/image-11.jpg|http://vehicle-photos-published.vauto.com/b0/e5/21/07-7ede-4a52-8dfb-47f0d8830c53/image-12.jpg|http://vehicle-photos-published.vauto.com/b0/e5/21/07-7ede-4a52-8dfb-47f0d8830c53/image-13.jpg|http://vehicle-photos-published.vauto.com/b0/e5/21/07-7ede-4a52-8dfb-47f0d8830c53/image-14.jpg|http://vehicle-photos-published.vauto.com/b0/e5/21/07-7ede-4a52-8dfb-47f0d8830c53/image-15.jpg|http://vehicle-photos-published.vauto.com/b0/e5/21/07-7ede-4a52-8dfb-47f0d8830c53/image-16.jpg|http://vehicle-photos-published.vauto.com/b0/e5/21/07-7ede-4a52-8dfb-47f0d8830c53/image-17.jpg|http://vehicle-photos-published.vauto.com/b0/e5/21/07-7ede-4a52-8dfb-47f0d8830c53/image-18.jpg|http://vehicle-photos-published.vauto.com/b0/e5/21/07-7ede-4a52-8dfb-47f0d8830c53/image-19.jpg|http://vehicle-photos-published.vauto.com/b0/e5/21/07-7ede-4a52-8dfb-47f0d8830c53/image-20.jpg","","","","XC60T5","N","T8 Inscription","Automatic with Geartronic","71839","",""
"volvofrederick","2022","Volvo","XC60 Recharge Plug-In Hybrid","YV4BR0DL5N1987700","V987700","","01/14/2022","","","Crystal White","Blond Char","4-Wheel Disc Brakes|Air Conditioning|Electronic Stability Control|Front Bucket Seats|Front Center Armrest|Leather Shift Knob|Spoiler|Tachometer|ABS brakes|Alloy wheels|Anti-whiplash front head restraints|Auto-dimming door mirrors|Automatic temperature control|Brake assist|Bumpers: body-color|Delay-off headlights|Driver door bin|Driver vanity mirror|Dual front impact airbags|Dual front side impact airbags|Four wheel independent suspension|Front anti-roll bar|Front dual zone A/C|Front reading lights|Fully automatic headlights|Heated door mirrors|Heated front seats|Illuminated entry|Knee airbag|Low tire pressure warning|Memory seat|Occupant sensing airbag|Outside temperature display|Overhead airbag|Panic alarm|Passenger door bin|Passenger vanity mirror|Power door mirrors|Power driver seat|Power moonroof|Power passenger seat|Power steering|Power windows|Radio data system|Rain sensing wipers|Rear anti-roll bar|Rear fog lights|Rear reading lights|Rear seat center armrest|Rear window defroster|Rear window wiper|Remote keyless entry|Roof rack: rails only|Security system|Speed control|Split folding rear seat|Steering wheel mounted audio controls|Telescoping steering wheel|Tilt steering wheel|Traction control|Trip computer|Turn signal indicator mirrors|Variably intermittent wipers|Auto-dimming Rear-View mirror|AM/FM radio: SiriusXM|Exterior Parking Camera Rear|Auto High-beam Headlights|Appearance: digital/analog|Emergency communication system: Volvo Cars App w/4 Year Subscription","","","","","XC60T5","N","","Automatic with Geartronic","","",""
"volvofrederick","2022","Volvo","XC90","YV4102PKXN1817174","V817174","","01/04/2022","55725","","Thunder Gray Metallic","Charcoal","Navigation system: Sensus Navigation|Protection Package Premier|10 Speakers|AM/FM radio: SiriusXM|Premium audio system: Sensus Connect|Radio data system|Radio: High Performance Audio System|Air Conditioning|Automatic temperature control|Front dual zone A/C|Rear air conditioning|Rear dual zone A/C|Rear window defroster|Memory seat|Power driver seat|Power steering|Power windows|Remote keyless entry|Steering wheel mounted audio controls|Four wheel independent suspension|Speed-sensing steering|Traction control|4-Wheel Disc Brakes|ABS brakes|Anti-whiplash front head restraints|Dual front impact airbags|Dual front side impact airbags|Emergency communication system: Volvo Cars App w/4 Year Subscription|Front anti-roll bar|Knee airbag|Low tire pressure warning|Occupant sensing airbag|Overhead airbag|Power adjustable rear head restraints|Rear anti-roll bar|Power moonroof|Brake assist|Electronic Stability Control|Exterior Parking Camera Rear|Auto High-beam Headlights|Delay-off headlights|Front fog lights|Fully automatic headlights|Rear fog lights|Panic alarm|Security system|Speed control|Auto-dimming door mirrors|Bumper Cover|Bumpers: body-color|Heated door mirrors|License Plate Frame|Power door mirrors|Roof rack: rails only|Spoiler|Turn signal indicator mirrors|Apple CarPlay/Android Auto|Auto-dimming Rear-View mirror|Driver door bin|Driver vanity mirror|Front reading lights|Garage door transmitter: HomeLink|Illuminated entry|Leather Shift Knob|Outside temperature display|Passenger vanity mirror|Rear reading lights|Rear seat center armrest|Rubber Floor Mats|Tachometer|Telescoping steering wheel|Tilt steering wheel|Trip computer|3rd row seats: bucket|Front Bucket Seats|Heated front seats|Leatherette Upholstery|Power passenger seat|Split folding rear seat|Cargo Tray|Front Center Armrest w/Storage|Passenger door bin|Alloy wheels|Wheel Locks|Wheels: 19"" 6-Spoke Turbine Sparkling Silver Alloy|Wheels: 20"" 5-Multi Spoke Matte Graphite Alloy|Rain sensing wipers|Rear window wiper|Variably intermittent wipers","http://vehicle-photos-published.vauto.com/d8/19/ca/b4-39ac-48f6-a663-29f9da92fc3f/image-1.jpg|http://vehicle-photos-published.vauto.com/d8/19/ca/b4-39ac-48f6-a663-29f9da92fc3f/image-2.jpg|http://vehicle-photos-published.vauto.com/d8/19/ca/b4-39ac-48f6-a663-29f9da92fc3f/image-3.jpg|http://vehicle-photos-published.vauto.com/d8/19/ca/b4-39ac-48f6-a663-29f9da92fc3f/image-4.jpg|http://vehicle-photos-published.vauto.com/d8/19/ca/b4-39ac-48f6-a663-29f9da92fc3f/image-5.jpg|http://vehicle-photos-published.vauto.com/d8/19/ca/b4-39ac-48f6-a663-29f9da92fc3f/image-6.jpg|http://vehicle-photos-published.vauto.com/d8/19/ca/b4-39ac-48f6-a663-29f9da92fc3f/image-7.jpg|http://vehicle-photos-published.vauto.com/d8/19/ca/b4-39ac-48f6-a663-29f9da92fc3f/image-8.jpg|http://vehicle-photos-published.vauto.com/d8/19/ca/b4-39ac-48f6-a663-29f9da92fc3f/image-9.jpg|http://vehicle-photos-published.vauto.com/d8/19/ca/b4-39ac-48f6-a663-29f9da92fc3f/image-10.jpg|http://vehicle-photos-published.vauto.com/d8/19/ca/b4-39ac-48f6-a663-29f9da92fc3f/image-11.jpg|http://vehicle-photos-published.vauto.com/d8/19/ca/b4-39ac-48f6-a663-29f9da92fc3f/image-12.jpg|http://vehicle-photos-published.vauto.com/d8/19/ca/b4-39ac-48f6-a663-29f9da92fc3f/image-13.jpg|http://vehicle-photos-published.vauto.com/d8/19/ca/b4-39ac-48f6-a663-29f9da92fc3f/image-14.jpg|http://vehicle-photos-published.vauto.com/d8/19/ca/b4-39ac-48f6-a663-29f9da92fc3f/image-15.jpg|http://vehicle-photos-published.vauto.com/d8/19/ca/b4-39ac-48f6-a663-29f9da92fc3f/image-16.jpg|http://vehicle-photos-published.vauto.com/d8/19/ca/b4-39ac-48f6-a663-29f9da92fc3f/image-17.jpg|http://vehicle-photos-published.vauto.com/d8/19/ca/b4-39ac-48f6-a663-29f9da92fc3f/image-18.jpg|http://vehicle-photos-published.vauto.com/d8/19/ca/b4-39ac-48f6-a663-29f9da92fc3f/image-19.jpg|http://vehicle-photos-published.vauto.com/d8/19/ca/b4-39ac-48f6-a663-29f9da92fc3f/image-20.jpg","","","","XC90T6","N","T5 Momentum","Automatic with Geartronic","54053","",""
"volvofrederick","2022","Volvo","XC90 Recharge Plug-In Hybrid","YV4BR0CL8N1818787","V818787","","12/27/2021","78400","74394","Denim Blue Metallic","Charcoal","Navigation system: Sensus Navigation|Advanced Package|Climate Package|Protection Package Premier|14 Speakers|AM/FM radio: SiriusXM|harman/kardon® Speakers|Premium audio system: Sensus Connect|Radio data system|Radio: harman/kardon Premium Audio System|Air Conditioning|Air Quality with Advanced Air Cleaner|Automatic temperature control|Front dual zone A/C|Rear air conditioning|Rear dual zone A/C|Rear window defroster|Heated Rear Seats|Memory seat|Power driver seat|Power steering|Power windows|Remote keyless entry|Steering wheel mounted audio controls|4-Corner Air Suspension|Four wheel independent suspension|Speed-sensing steering|Traction control|2nd Row Integrated Center Booster Cushion|4-Wheel Disc Brakes|ABS brakes|Anti-whiplash front head restraints|Dual front impact airbags|Dual front side impact airbags|Emergency communication system: Volvo Cars App w/4 Year Subscription|Front anti-roll bar|Knee airbag|Low tire pressure warning|Occupant sensing airbag|Overhead airbag|Power adjustable rear head restraints|Rear anti-roll bar|Power moonroof|Brake assist|Electronic Stability Control|Exterior Parking Camera Rear|Auto High-beam Headlights|Delay-off headlights|Fully automatic headlights|Rear fog lights|Panic alarm|Security system|Speed control|Auto-dimming door mirrors|Bodyside moldings|Bumper Cover|Bumpers: body-color|Heated door mirrors|License Plate Frame|Power door mirrors|Roof rack: rails only|Spoiler|Turn signal indicator mirrors|360 Surround View Camera|Apple CarPlay/Android Auto|Auto-dimming Rear-View mirror|Driver door bin|Driver vanity mirror|Front Heated & Ventilated Bucket Seats|Front reading lights|Garage door transmitter: HomeLink|Genuine wood dashboard insert|Genuine wood door panel insert|Graphical Head-Up Display|Heated Steering Wheel|Illuminated entry|Outside temperature display|Passenger vanity mirror|Rear reading lights|Rear seat center armrest|Rubber Floor Mats|Sun blinds|Tachometer|Telescoping steering wheel|Tilt steering wheel|Trip computer|3rd row seats: bucket|Front Bucket Seats|Heated front seats|Perforated Nappa Leather Upholstery|Power passenger seat|Split folding rear seat|Ventilated front seats|Cargo Tray|Front Center Armrest w/Storage|Grocery Bag Holder|Passenger door bin|Alloy wheels|Wheel Locks|Wheels: 20"" 10-Spoke Black Diamond Cut Alloy|Wheels: 21"" 8-Multi Spoke Black Diamond Cut Alloy|Headlight High Pressure Cleaning|Rain sensing wipers|Rear window wiper|Variably intermittent wipers","http://vehicle-photos-published.vauto.com/9a/65/c9/c8-4fcd-4711-b043-c279febebda1/image-1.jpg|http://vehicle-photos-published.vauto.com/9a/65/c9/c8-4fcd-4711-b043-c279febebda1/image-2.jpg|http://vehicle-photos-published.vauto.com/9a/65/c9/c8-4fcd-4711-b043-c279febebda1/image-3.jpg|http://vehicle-photos-published.vauto.com/9a/65/c9/c8-4fcd-4711-b043-c279febebda1/image-4.jpg|http://vehicle-photos-published.vauto.com/9a/65/c9/c8-4fcd-4711-b043-c279febebda1/image-5.jpg|http://vehicle-photos-published.vauto.com/9a/65/c9/c8-4fcd-4711-b043-c279febebda1/image-6.jpg|http://vehicle-photos-published.vauto.com/9a/65/c9/c8-4fcd-4711-b043-c279febebda1/image-7.jpg|http://vehicle-photos-published.vauto.com/9a/65/c9/c8-4fcd-4711-b043-c279febebda1/image-8.jpg|http://vehicle-photos-published.vauto.com/9a/65/c9/c8-4fcd-4711-b043-c279febebda1/image-9.jpg|http://vehicle-photos-published.vauto.com/9a/65/c9/c8-4fcd-4711-b043-c279febebda1/image-10.jpg|http://vehicle-photos-published.vauto.com/9a/65/c9/c8-4fcd-4711-b043-c279febebda1/image-11.jpg|http://vehicle-photos-published.vauto.com/9a/65/c9/c8-4fcd-4711-b043-c279febebda1/image-12.jpg|http://vehicle-photos-published.vauto.com/9a/65/c9/c8-4fcd-4711-b043-c279febebda1/image-13.jpg|http://vehicle-photos-published.vauto.com/9a/65/c9/c8-4fcd-4711-b043-c279febebda1/image-14.jpg|http://vehicle-photos-published.vauto.com/9a/65/c9/c8-4fcd-4711-b043-c279febebda1/image-15.jpg|http://vehicle-photos-published.vauto.com/9a/65/c9/c8-4fcd-4711-b043-c279febebda1/image-16.jpg|http://vehicle-photos-published.vauto.com/9a/65/c9/c8-4fcd-4711-b043-c279febebda1/image-17.jpg|http://vehicle-photos-published.vauto.com/9a/65/c9/c8-4fcd-4711-b043-c279febebda1/image-18.jpg|http://vehicle-photos-published.vauto.com/9a/65/c9/c8-4fcd-4711-b043-c279febebda1/image-19.jpg","","","","XC90T6","N","T8 Inscription 7 Passenger","Automatic with Geartronic","76832","",""
"volvofrederick","2022","Volvo","XC90 Recharge Plug-In Hybrid","YV4BR0CM2N1808684","V808684","","12/10/2021","77020","72903","Denim Blue Metallic","Charcoal","Navigation system: Sensus Navigation|Advanced Package|Climate Package|Protection Package Premier|14 Speakers|AM/FM radio: SiriusXM|harman/kardon® Speakers|Premium audio system: Sensus Connect|Radio data system|Radio: harman/kardon Premium Audio System|Air Conditioning|Air Quality with Advanced Air Cleaner|Automatic temperature control|Front dual zone A/C|Rear air conditioning|Rear dual zone A/C|Rear window defroster|Heated Rear Seats|Memory seat|Power driver seat|Power steering|Power windows|Remote keyless entry|Steering wheel mounted audio controls|Four wheel independent suspension|Speed-sensing steering|Traction control|4-Wheel Disc Brakes|ABS brakes|Anti-whiplash front head restraints|Dual front impact airbags|Dual front side impact airbags|Emergency communication system: Volvo Cars App w/4 Year Subscription|Front anti-roll bar|Knee airbag|Low tire pressure warning|Occupant sensing airbag|Overhead airbag|Power adjustable rear head restraints|Rear anti-roll bar|Power moonroof|Brake assist|Electronic Stability Control|Exterior Parking Camera Rear|Auto High-beam Headlights|Delay-off headlights|Fully automatic headlights|Rear fog lights|Panic alarm|Security system|Speed control|Auto-dimming door mirrors|Bumper Cover|Bumpers: body-color|Heated door mirrors|License Plate Frame|Power door mirrors|Roof rack: rails only|Spoiler|Turn signal indicator mirrors|360 Surround View Camera|Apple CarPlay/Android Auto|Auto-dimming Rear-View mirror|Driver door bin|Driver vanity mirror|Front Heated R-Design Sport Seats|Front reading lights|Garage door transmitter: HomeLink|Graphical Head-Up Display|Heated Steering Wheel|Illuminated entry|Outside temperature display|Passenger vanity mirror|Rear reading lights|Rear seat center armrest|Rubber Floor Mats|Sport steering wheel|Sun blinds|Tachometer|Telescoping steering wheel|Tilt steering wheel|Trip computer|3rd row seats: bucket|Front Bucket Seats|Heated front seats|Nappa Leather Upholstery|Power passenger seat|Split folding rear seat|Cargo Tray|Front Center Armrest w/Storage|Passenger door bin|Alloy wheels|Wheel Locks|Wheels: 20"" 5-Spoke Black Diamond Cut Alloy|Wheels: 22"" 5-Double Spoke Black Diamond Cut Alloy|Headlight High Pressure Cleaning|Rain sensing wipers|Rear window wiper|Variably intermittent wipers","http://vehicle-photos-published.vauto.com/0a/83/9f/17-b845-45a3-bcff-c30ec478a927/image-1.jpg|http://vehicle-photos-published.vauto.com/0a/83/9f/17-b845-45a3-bcff-c30ec478a927/image-2.jpg|http://vehicle-photos-published.vauto.com/0a/83/9f/17-b845-45a3-bcff-c30ec478a927/image-3.jpg|http://vehicle-photos-published.vauto.com/0a/83/9f/17-b845-45a3-bcff-c30ec478a927/image-4.jpg|http://vehicle-photos-published.vauto.com/0a/83/9f/17-b845-45a3-bcff-c30ec478a927/image-5.jpg|http://vehicle-photos-published.vauto.com/0a/83/9f/17-b845-45a3-bcff-c30ec478a927/image-6.jpg|http://vehicle-photos-published.vauto.com/0a/83/9f/17-b845-45a3-bcff-c30ec478a927/image-7.jpg|http://vehicle-photos-published.vauto.com/0a/83/9f/17-b845-45a3-bcff-c30ec478a927/image-8.jpg|http://vehicle-photos-published.vauto.com/0a/83/9f/17-b845-45a3-bcff-c30ec478a927/image-9.jpg|http://vehicle-photos-published.vauto.com/0a/83/9f/17-b845-45a3-bcff-c30ec478a927/image-10.jpg|http://vehicle-photos-published.vauto.com/0a/83/9f/17-b845-45a3-bcff-c30ec478a927/image-11.jpg|http://vehicle-photos-published.vauto.com/0a/83/9f/17-b845-45a3-bcff-c30ec478a927/image-12.jpg|http://vehicle-photos-published.vauto.com/0a/83/9f/17-b845-45a3-bcff-c30ec478a927/image-13.jpg|http://vehicle-photos-published.vauto.com/0a/83/9f/17-b845-45a3-bcff-c30ec478a927/image-14.jpg|http://vehicle-photos-published.vauto.com/0a/83/9f/17-b845-45a3-bcff-c30ec478a927/image-15.jpg|http://vehicle-photos-published.vauto.com/0a/83/9f/17-b845-45a3-bcff-c30ec478a927/image-16.jpg|http://vehicle-photos-published.vauto.com/0a/83/9f/17-b845-45a3-bcff-c30ec478a927/image-17.jpg|http://vehicle-photos-published.vauto.com/0a/83/9f/17-b845-45a3-bcff-c30ec478a927/image-18.jpg|http://vehicle-photos-published.vauto.com/0a/83/9f/17-b845-45a3-bcff-c30ec478a927/image-19.jpg|http://vehicle-photos-published.vauto.com/0a/83/9f/17-b845-45a3-bcff-c30ec478a927/image-20.jpg","","","","XC90T8AWD","N","T8 R-Design 7 Passenger","Automatic with Geartronic","75480","",""
"volvofrederick","2022","Volvo","XC60","YV4062RL2N1951600","V951600","","09/30/2021","62710","59669","Pine Gray Metallic","Amber","Navigation system: Sensus Navigation|Advanced Package|Climate Package|Protection Package Premier|14 Speakers|AM/FM radio: SiriusXM|harman/kardon® Speakers|Premium audio system: Sensus Connect|Radio data system|Radio: harman/kardon Premium Audio System|Air Conditioning|Air Quality w/Advanced Air Cleaner|Automatic temperature control|Front dual zone A/C|Rear air conditioning|Rear dual zone A/C|Rear window defroster|Heated Rear Seats|Memory seat|Power driver seat|Power steering|Power windows|Remote keyless entry|Steering wheel mounted audio controls|Four wheel independent suspension|Traction control|4-Wheel Disc Brakes|ABS brakes|Anti-whiplash front head restraints|Dual front impact airbags|Dual front side impact airbags|Emergency communication system: Volvo Cars App w/4 Year Subscription|Front anti-roll bar|Knee airbag|Low tire pressure warning|Occupant sensing airbag|Overhead airbag|Power adjustable rear head restraints|Rear anti-roll bar|Power moonroof|Brake assist|Electronic Stability Control|Exterior Parking Camera Rear|Auto High-beam Headlights|Delay-off headlights|Front fog lights|Fully automatic headlights|Rear fog lights|Panic alarm|Security system|Pilot Assist Driver Assistance System|Speed control|Auto-dimming door mirrors|Bumper Cover|Bumpers: body-color|Heated door mirrors|License Plate Frame|Power door mirrors|Roof rack: rails only|Spoiler|Turn signal indicator mirrors|12V Outlet in Cargo Area|360 Degree Surroundview Camera|Auto-dimming Rear-View mirror|Driver door bin|Driver vanity mirror|Front reading lights|Garage door transmitter: HomeLink|Genuine wood console insert|Genuine wood dashboard insert|Genuine wood door panel insert|Graphical Head-Up Display|Heated Steering Wheel|Illuminated entry|Leather Shift Knob|Outside temperature display|Passenger vanity mirror|Rear reading lights|Rear seat center armrest|Rubber Floor Mats|Tachometer|Telescoping steering wheel|Tilt steering wheel|Trip computer|Front Bucket Seats|Front Center Armrest|Heated & Ventilated Front Bucket Seats|Heated front seats|Perforated Nappa Leather Upholstery|Power passenger seat|Split folding rear seat|Ventilated front seats|Cargo Tray|Passenger door bin|Alloy wheels|Wheel Locks|Wheels: 19"" 5-Multi Spoke Black Diamond Cut Alloy|Wheels: 20"" 5-Multi Spoke Black Diamond Cut Alloy|Headlight High Pressure Cleaning|Rain sensing wipers|Rear window wiper|Variably intermittent wipers","http://vehicle-photos-published.vauto.com/01/3d/fb/70-2a8c-40b7-ac7d-79b7fe05b174/image-1.jpg|http://vehicle-photos-published.vauto.com/01/3d/fb/70-2a8c-40b7-ac7d-79b7fe05b174/image-2.jpg|http://vehicle-photos-published.vauto.com/01/3d/fb/70-2a8c-40b7-ac7d-79b7fe05b174/image-3.jpg|http://vehicle-photos-published.vauto.com/01/3d/fb/70-2a8c-40b7-ac7d-79b7fe05b174/image-4.jpg|http://vehicle-photos-published.vauto.com/01/3d/fb/70-2a8c-40b7-ac7d-79b7fe05b174/image-5.jpg|http://vehicle-photos-published.vauto.com/01/3d/fb/70-2a8c-40b7-ac7d-79b7fe05b174/image-6.jpg|http://vehicle-photos-published.vauto.com/01/3d/fb/70-2a8c-40b7-ac7d-79b7fe05b174/image-7.jpg|http://vehicle-photos-published.vauto.com/01/3d/fb/70-2a8c-40b7-ac7d-79b7fe05b174/image-8.jpg|http://vehicle-photos-published.vauto.com/01/3d/fb/70-2a8c-40b7-ac7d-79b7fe05b174/image-9.jpg|http://vehicle-photos-published.vauto.com/01/3d/fb/70-2a8c-40b7-ac7d-79b7fe05b174/image-10.jpg|http://vehicle-photos-published.vauto.com/01/3d/fb/70-2a8c-40b7-ac7d-79b7fe05b174/image-11.jpg|http://vehicle-photos-published.vauto.com/01/3d/fb/70-2a8c-40b7-ac7d-79b7fe05b174/image-12.jpg|http://vehicle-photos-published.vauto.com/01/3d/fb/70-2a8c-40b7-ac7d-79b7fe05b174/image-13.jpg|http://vehicle-photos-published.vauto.com/01/3d/fb/70-2a8c-40b7-ac7d-79b7fe05b174/image-14.jpg|http://vehicle-photos-published.vauto.com/01/3d/fb/70-2a8c-40b7-ac7d-79b7fe05b174/image-15.jpg|http://vehicle-photos-published.vauto.com/01/3d/fb/70-2a8c-40b7-ac7d-79b7fe05b174/image-16.jpg|http://vehicle-photos-published.vauto.com/01/3d/fb/70-2a8c-40b7-ac7d-79b7fe05b174/image-17.jpg|http://vehicle-photos-published.vauto.com/01/3d/fb/70-2a8c-40b7-ac7d-79b7fe05b174/image-18.jpg|http://vehicle-photos-published.vauto.com/01/3d/fb/70-2a8c-40b7-ac7d-79b7fe05b174/image-19.jpg|http://vehicle-photos-published.vauto.com/01/3d/fb/70-2a8c-40b7-ac7d-79b7fe05b174/image-20.jpg","","","","XC60T5","N","B6 Inscription","Automatic with Geartronic","58947","",""
"volvofrederick","2022","Volvo","S60","7JRL12FZ8NG154452","V154452","","09/22/2021","46465","44400","Crystal White Metallic","Charcoal","Advanced Package|Climate Package|Premium Package|Protection Package Premier|10 Speakers|AM/FM radio: SiriusXM|Premium audio system: Sensus Connect|Radio data system|Radio: High Performance Audio|Air Conditioning|Air Quality with Advanced Air Cleaner|Automatic temperature control|Front dual zone A/C|Rear window defroster|Memory seat|Power driver seat|Power steering|Power windows|Remote keyless entry|Steering wheel mounted audio controls|Four wheel independent suspension|Traction control|4-Wheel Disc Brakes|ABS brakes|Anti-whiplash front head restraints|Dual front impact airbags|Dual front side impact airbags|Emergency communication system: On-Call Plus|Front anti-roll bar|Knee airbag|Low tire pressure warning|Occupant sensing airbag|Overhead airbag|Rear anti-roll bar|Rear Power Child Locks|Power moonroof|Brake assist|Electronic Stability Control|Exterior Parking Camera Rear|Rear Parking Sensors|Auto High-beam Headlights|Delay-off headlights|Fully automatic headlights|Rear fog lights|Panic alarm|Security system|Pilot Assist Driver Assistance System|Speed control|Auto-dimming door mirrors|Bumpers: body-color|Headlight High Pressure Cleaning|Heated door mirrors|LED Front Fog Lights w/Cornering|License Plate Frame|Power door mirrors|Turn signal indicator mirrors|12V Outlet in Cargo Area|360 Surround View Camera|Apple CarPlay/Android Auto|Auto-dimming Rear-View mirror|Cargo Tray|Driver door bin|Driver vanity mirror|Front Park Assist|Front reading lights|Graphical Head-Up Display|Heated Steering Wheel|HomeLink Garage Door Transmitter|Illuminated entry|Inductive Smartphone Charging|Interior High Level Illumination|Leather Shift Knob|Outside temperature display|Passenger vanity mirror|Rear reading lights|Rear seat center armrest|Rubber Floor Mats|Sensus Navigation Pro|Tachometer|Telescoping steering wheel|Tilt steering wheel|Trip computer|Front Bucket Seats|Front Center Armrest|Heated Front Seats|Leatherette Seating Surfaces|Power Folding Split Backrest|Power passenger seat|Power-Folding Rear Head Restraints|Passenger door bin|Alloy wheels|Wheel Locks|Wheels: 18"" 5-Double Spoke Matte Graphite Alloy|Rain sensing wipers|Variably intermittent wipers","http://vehicle-photos-published.vauto.com/15/c4/3e/27-22eb-4c7d-b960-3c8e2141574a/image-1.jpg|http://vehicle-photos-published.vauto.com/15/c4/3e/27-22eb-4c7d-b960-3c8e2141574a/image-2.jpg|http://vehicle-photos-published.vauto.com/15/c4/3e/27-22eb-4c7d-b960-3c8e2141574a/image-3.jpg|http://vehicle-photos-published.vauto.com/15/c4/3e/27-22eb-4c7d-b960-3c8e2141574a/image-4.jpg|http://vehicle-photos-published.vauto.com/15/c4/3e/27-22eb-4c7d-b960-3c8e2141574a/image-5.jpg|http://vehicle-photos-published.vauto.com/15/c4/3e/27-22eb-4c7d-b960-3c8e2141574a/image-6.jpg|http://vehicle-photos-published.vauto.com/15/c4/3e/27-22eb-4c7d-b960-3c8e2141574a/image-7.jpg|http://vehicle-photos-published.vauto.com/15/c4/3e/27-22eb-4c7d-b960-3c8e2141574a/image-8.jpg|http://vehicle-photos-published.vauto.com/15/c4/3e/27-22eb-4c7d-b960-3c8e2141574a/image-9.jpg|http://vehicle-photos-published.vauto.com/15/c4/3e/27-22eb-4c7d-b960-3c8e2141574a/image-10.jpg|http://vehicle-photos-published.vauto.com/15/c4/3e/27-22eb-4c7d-b960-3c8e2141574a/image-11.jpg|http://vehicle-photos-published.vauto.com/15/c4/3e/27-22eb-4c7d-b960-3c8e2141574a/image-12.jpg|http://vehicle-photos-published.vauto.com/15/c4/3e/27-22eb-4c7d-b960-3c8e2141574a/image-13.jpg|http://vehicle-photos-published.vauto.com/15/c4/3e/27-22eb-4c7d-b960-3c8e2141574a/image-14.jpg|http://vehicle-photos-published.vauto.com/15/c4/3e/27-22eb-4c7d-b960-3c8e2141574a/image-15.jpg|http://vehicle-photos-published.vauto.com/15/c4/3e/27-22eb-4c7d-b960-3c8e2141574a/image-16.jpg|http://vehicle-photos-published.vauto.com/15/c4/3e/27-22eb-4c7d-b960-3c8e2141574a/image-17.jpg|http://vehicle-photos-published.vauto.com/15/c4/3e/27-22eb-4c7d-b960-3c8e2141574a/image-18.jpg|http://vehicle-photos-published.vauto.com/15/c4/3e/27-22eb-4c7d-b960-3c8e2141574a/image-19.jpg|http://vehicle-photos-published.vauto.com/15/c4/3e/27-22eb-4c7d-b960-3c8e2141574a/image-20.jpg","70700","","RD0000","S60T5","N","B5 Momentum","Automatic with Geartronic","42427","",""
"volvofrederick","2022","Volvo","XC90 Recharge Plug-In Hybrid","YV4BR0CL3N1813576","V813576","","12/20/1995","78400","75952","Pebble Gray Metallic","Blond","Navigation system: Sensus Navigation|Advanced Package|Climate Package|Protection Package Premier|14 Speakers|AM/FM radio: SiriusXM|harman/kardon® Speakers|Premium audio system: Sensus Connect|Radio data system|Radio: harman/kardon Premium Audio System|Air Conditioning|Air Quality with Advanced Air Cleaner|Automatic temperature control|Front dual zone A/C|Rear air conditioning|Rear dual zone A/C|Rear window defroster|Heated Rear Seats|Memory seat|Power driver seat|Power steering|Power windows|Remote keyless entry|Steering wheel mounted audio controls|4-Corner Air Suspension|Four wheel independent suspension|Speed-sensing steering|Traction control|2nd Row Integrated Center Booster Cushion|4-Wheel Disc Brakes|ABS brakes|Anti-whiplash front head restraints|Dual front impact airbags|Dual front side impact airbags|Emergency communication system: Volvo Cars App w/4 Year Subscription|Front anti-roll bar|Knee airbag|Low tire pressure warning|Occupant sensing airbag|Overhead airbag|Power adjustable rear head restraints|Rear anti-roll bar|Power moonroof|Brake assist|Electronic Stability Control|Exterior Parking Camera Rear|Auto High-beam Headlights|Delay-off headlights|Fully automatic headlights|Rear fog lights|Panic alarm|Security system|Speed control|Auto-dimming door mirrors|Bodyside moldings|Bumper Cover|Bumpers: body-color|Heated door mirrors|License Plate Frame|Power door mirrors|Roof rack: rails only|Spoiler|Turn signal indicator mirrors|360 Surround View Camera|Apple CarPlay/Android Auto|Auto-dimming Rear-View mirror|Driver door bin|Driver vanity mirror|Front Heated & Ventilated Bucket Seats|Front reading lights|Garage door transmitter: HomeLink|Genuine wood dashboard insert|Genuine wood door panel insert|Graphical Head-Up Display|Heated Steering Wheel|Illuminated entry|Outside temperature display|Passenger vanity mirror|Rear reading lights|Rear seat center armrest|Rubber Floor Mats|Sun blinds|Tachometer|Telescoping steering wheel|Tilt steering wheel|Trip computer|3rd row seats: bucket|Front Bucket Seats|Heated front seats|Perforated Nappa Leather Upholstery|Power passenger seat|Split folding rear seat|Ventilated front seats|Cargo Tray|Front Center Armrest w/Storage|Grocery Bag Holder|Passenger door bin|Alloy wheels|Wheel Locks|Wheels: 20"" 10-Spoke Black Diamond Cut Alloy|Wheels: 21"" 8-Multi Spoke Black Diamond Cut Alloy|Headlight High Pressure Cleaning|Rain sensing wipers|Rear window wiper|Variably intermittent wipers|POLESTAR","http://vehicle-photos-published.vauto.com/ff/4f/cc/f6-9209-404d-b5b9-cb10f61d94a0/image-1.jpg|http://vehicle-photos-published.vauto.com/ff/4f/cc/f6-9209-404d-b5b9-cb10f61d94a0/image-2.jpg|http://vehicle-photos-published.vauto.com/ff/4f/cc/f6-9209-404d-b5b9-cb10f61d94a0/image-3.jpg|http://vehicle-photos-published.vauto.com/ff/4f/cc/f6-9209-404d-b5b9-cb10f61d94a0/image-4.jpg|http://vehicle-photos-published.vauto.com/ff/4f/cc/f6-9209-404d-b5b9-cb10f61d94a0/image-5.jpg|http://vehicle-photos-published.vauto.com/ff/4f/cc/f6-9209-404d-b5b9-cb10f61d94a0/image-6.jpg|http://vehicle-photos-published.vauto.com/ff/4f/cc/f6-9209-404d-b5b9-cb10f61d94a0/image-7.jpg|http://vehicle-photos-published.vauto.com/ff/4f/cc/f6-9209-404d-b5b9-cb10f61d94a0/image-8.jpg|http://vehicle-photos-published.vauto.com/ff/4f/cc/f6-9209-404d-b5b9-cb10f61d94a0/image-9.jpg|http://vehicle-photos-published.vauto.com/ff/4f/cc/f6-9209-404d-b5b9-cb10f61d94a0/image-10.jpg|http://vehicle-photos-published.vauto.com/ff/4f/cc/f6-9209-404d-b5b9-cb10f61d94a0/image-11.jpg|http://vehicle-photos-published.vauto.com/ff/4f/cc/f6-9209-404d-b5b9-cb10f61d94a0/image-12.jpg|http://vehicle-photos-published.vauto.com/ff/4f/cc/f6-9209-404d-b5b9-cb10f61d94a0/image-13.jpg|http://vehicle-photos-published.vauto.com/ff/4f/cc/f6-9209-404d-b5b9-cb10f61d94a0/image-14.jpg|http://vehicle-photos-published.vauto.com/ff/4f/cc/f6-9209-404d-b5b9-cb10f61d94a0/image-15.jpg|http://vehicle-photos-published.vauto.com/ff/4f/cc/f6-9209-404d-b5b9-cb10f61d94a0/image-16.jpg|http://vehicle-photos-published.vauto.com/ff/4f/cc/f6-9209-404d-b5b9-cb10f61d94a0/image-17.jpg|http://vehicle-photos-published.vauto.com/ff/4f/cc/f6-9209-404d-b5b9-cb10f61d94a0/image-18.jpg|http://vehicle-photos-published.vauto.com/ff/4f/cc/f6-9209-404d-b5b9-cb10f61d94a0/image-19.jpg|http://vehicle-photos-published.vauto.com/ff/4f/cc/f6-9209-404d-b5b9-cb10f61d94a0/image-20.jpg","","","","XC90T6","N","T8 Inscription 7 Passenger","Automatic with Geartronic","76832","",""
"volvofrederick","2022","Volvo","S60","7JRL12TL6NG172545","V172545","","12/08/2021","50665","48348","Denim Blue Metallic","Blond","Navigation system: Sensus Navigation|Advanced Package|Climate Package|Protection Package Premier|14 Speakers|AM/FM radio: SiriusXM|harman/kardon® Premium Sound System|harman/kardon® Speakers|Premium audio system: Sensus Connect|Radio data system|Air Conditioning|Air Quality with Advanced Air Cleaner|Automatic temperature control|Front dual zone A/C|Rear air conditioning|Rear dual zone A/C|Rear window defroster|Heated Rear Seats|Memory seat|Power driver seat|Power steering|Power windows|Remote keyless entry|Steering wheel mounted audio controls|Four wheel independent suspension|Traction control|4-Wheel Disc Brakes|ABS brakes|Anti-whiplash front head restraints|Dual front impact airbags|Dual front side impact airbags|Emergency communication system: On-Call Plus|Front anti-roll bar|Knee airbag|Low tire pressure warning|Occupant sensing airbag|Overhead airbag|Power adjustable rear head restraints|Rear anti-roll bar|Power moonroof|Brake assist|Electronic Stability Control|Exterior Parking Camera Rear|Auto High-beam Headlights|Delay-off headlights|Front fog lights|Fully automatic headlights|Rear fog lights|Panic alarm|Security system|Pilot Assist Driver Assistance System|Speed control|Auto-dimming door mirrors|Bumpers: body-color|Headlight High Pressure Cleaning|Heated door mirrors|License Plate Frame|Power door mirrors|Turn signal indicator mirrors|12V Outlet in Cargo Area|360 Surround View Camera|Apple CarPlay/Android Auto|Auto-dimming Rear-View mirror|Cargo Tray|Driver door bin|Driver vanity mirror|Front reading lights|Garage door transmitter: HomeLink|Genuine wood console insert|Genuine wood dashboard insert|Genuine wood door panel insert|Graphical Head-Up Display|Heated Steering Wheel|Illuminated entry|Leather Shift Knob|Outside temperature display|Park Assist Pilot|Passenger vanity mirror|Rear reading lights|Rear seat center armrest|Rubber Floor Mats|Sensus Navigation Pro|Tachometer|Telescoping steering wheel|Tilt steering wheel|Trip computer|Front Bucket Seats|Front Center Armrest|Heated Front Bucket Seats|Heated front seats|Leather Seating Surfaces|Power passenger seat|Split folding rear seat|Passenger door bin|Alloy wheels|Wheel Locks|Wheels: 18"" 10-Multi Spoke Black Diamond Cut Alloy|Wheels: 19"" 5-Multi Spoke Black Diamond Cut Alloy|Rain sensing wipers|Variably intermittent wipers","http://vehicle-photos-published.vauto.com/99/00/8f/f8-c6b8-4964-97ea-b98a8250ff3e/image-1.jpg|http://vehicle-photos-published.vauto.com/99/00/8f/f8-c6b8-4964-97ea-b98a8250ff3e/image-2.jpg|http://vehicle-photos-published.vauto.com/99/00/8f/f8-c6b8-4964-97ea-b98a8250ff3e/image-3.jpg|http://vehicle-photos-published.vauto.com/99/00/8f/f8-c6b8-4964-97ea-b98a8250ff3e/image-4.jpg|http://vehicle-photos-published.vauto.com/99/00/8f/f8-c6b8-4964-97ea-b98a8250ff3e/image-5.jpg|http://vehicle-photos-published.vauto.com/99/00/8f/f8-c6b8-4964-97ea-b98a8250ff3e/image-6.jpg|http://vehicle-photos-published.vauto.com/99/00/8f/f8-c6b8-4964-97ea-b98a8250ff3e/image-7.jpg|http://vehicle-photos-published.vauto.com/99/00/8f/f8-c6b8-4964-97ea-b98a8250ff3e/image-8.jpg|http://vehicle-photos-published.vauto.com/99/00/8f/f8-c6b8-4964-97ea-b98a8250ff3e/image-9.jpg|http://vehicle-photos-published.vauto.com/99/00/8f/f8-c6b8-4964-97ea-b98a8250ff3e/image-10.jpg|http://vehicle-photos-published.vauto.com/99/00/8f/f8-c6b8-4964-97ea-b98a8250ff3e/image-11.jpg|http://vehicle-photos-published.vauto.com/99/00/8f/f8-c6b8-4964-97ea-b98a8250ff3e/image-12.jpg|http://vehicle-photos-published.vauto.com/99/00/8f/f8-c6b8-4964-97ea-b98a8250ff3e/image-13.jpg|http://vehicle-photos-published.vauto.com/99/00/8f/f8-c6b8-4964-97ea-b98a8250ff3e/image-14.jpg|http://vehicle-photos-published.vauto.com/99/00/8f/f8-c6b8-4964-97ea-b98a8250ff3e/image-15.jpg|http://vehicle-photos-published.vauto.com/99/00/8f/f8-c6b8-4964-97ea-b98a8250ff3e/image-16.jpg|http://vehicle-photos-published.vauto.com/99/00/8f/f8-c6b8-4964-97ea-b98a8250ff3e/image-17.jpg|http://vehicle-photos-published.vauto.com/99/00/8f/f8-c6b8-4964-97ea-b98a8250ff3e/image-18.jpg|http://vehicle-photos-published.vauto.com/99/00/8f/f8-c6b8-4964-97ea-b98a8250ff3e/image-19.jpg|http://vehicle-photos-published.vauto.com/99/00/8f/f8-c6b8-4964-97ea-b98a8250ff3e/image-20.jpg","","","","S60T5","N","B5 Inscription","Automatic with Geartronic","46375","",""
"volvofrederick","2022","Volvo","XC60","YV4062RM6N1951690","V951690","","10/26/2021","63655","60543","Thunder Gray Metallic","Slate","Navigation system: Sensus Navigation|Advanced Package|Climate Package|Protection Package Premier|14 Speakers|AM/FM radio: SiriusXM|harman/kardon® Speakers|Premium audio system: Sensus Connect|Radio data system|Radio: harman/kardon Premium Audio System|Air Conditioning|Air Quality w/Advanced Air Cleaner|Automatic temperature control|Front dual zone A/C|Rear air conditioning|Rear dual zone A/C|Rear window defroster|Heated Rear Seats|Memory seat|Power driver seat|Power steering|Power windows|Remote keyless entry|Steering wheel mounted audio controls|4-Corner Air Suspension|Four wheel independent suspension|Traction control|4-Wheel Disc Brakes|ABS brakes|Anti-whiplash front head restraints|Dual front impact airbags|Dual front side impact airbags|Emergency communication system: Volvo Cars App w/4 Year Subscription|Front anti-roll bar|Knee airbag|Low tire pressure warning|Occupant sensing airbag|Overhead airbag|Power adjustable rear head restraints|Rear anti-roll bar|Power moonroof|Brake assist|Electronic Stability Control|Exterior Parking Camera Rear|Auto High-beam Headlights|Delay-off headlights|Front fog lights|Fully automatic headlights|Rear fog lights|Panic alarm|Security system|Pilot Assist Driver Assistance System|Speed control|Auto-dimming door mirrors|Bumper Cover|Bumpers: body-color|Heated door mirrors|License Plate Frame|Power door mirrors|Roof rack: rails only|Spoiler|Turn signal indicator mirrors|12V Outlet in Cargo Area|360 Degree Surroundview Camera|Auto-dimming Rear-View mirror|Driver door bin|Driver vanity mirror|Front reading lights|Garage door transmitter: HomeLink|Graphical Head-Up Display|Heated Front R-Design Sport Seats|Heated Steering Wheel|Illuminated entry|Leather Shift Knob|Outside temperature display|Passenger vanity mirror|Rear reading lights|Rear seat center armrest|Rubber Floor Mats|Sport steering wheel|Tachometer|Telescoping steering wheel|Tilt steering wheel|Trip computer|Front Bucket Seats|Front Center Armrest|Heated front seats|Nappa Leather Fr & Leatherette Rr Upholstery|Power passenger seat|Split folding rear seat|Cargo Tray|Passenger door bin|Alloy wheels|Wheel Locks|Wheels: 19"" 5-Dbl Spk Matte Black Diamond Cut Alloy|Wheels: 21"" 5-Double Spoke Black Diamond Cut Alloy|Headlight High Pressure Cleaning|Rain sensing wipers|Rear window wiper|Variably intermittent wipers","http://vehicle-photos-published.vauto.com/f0/d9/5b/a3-bdcf-4b91-9c3e-6635c1ba930b/image-1.jpg|http://vehicle-photos-published.vauto.com/f0/d9/5b/a3-bdcf-4b91-9c3e-6635c1ba930b/image-2.jpg|http://vehicle-photos-published.vauto.com/f0/d9/5b/a3-bdcf-4b91-9c3e-6635c1ba930b/image-3.jpg|http://vehicle-photos-published.vauto.com/f0/d9/5b/a3-bdcf-4b91-9c3e-6635c1ba930b/image-4.jpg|http://vehicle-photos-published.vauto.com/f0/d9/5b/a3-bdcf-4b91-9c3e-6635c1ba930b/image-5.jpg|http://vehicle-photos-published.vauto.com/f0/d9/5b/a3-bdcf-4b91-9c3e-6635c1ba930b/image-6.jpg|http://vehicle-photos-published.vauto.com/f0/d9/5b/a3-bdcf-4b91-9c3e-6635c1ba930b/image-7.jpg|http://vehicle-photos-published.vauto.com/f0/d9/5b/a3-bdcf-4b91-9c3e-6635c1ba930b/image-8.jpg|http://vehicle-photos-published.vauto.com/f0/d9/5b/a3-bdcf-4b91-9c3e-6635c1ba930b/image-9.jpg|http://vehicle-photos-published.vauto.com/f0/d9/5b/a3-bdcf-4b91-9c3e-6635c1ba930b/image-10.jpg|http://vehicle-photos-published.vauto.com/f0/d9/5b/a3-bdcf-4b91-9c3e-6635c1ba930b/image-11.jpg|http://vehicle-photos-published.vauto.com/f0/d9/5b/a3-bdcf-4b91-9c3e-6635c1ba930b/image-12.jpg|http://vehicle-photos-published.vauto.com/f0/d9/5b/a3-bdcf-4b91-9c3e-6635c1ba930b/image-13.jpg|http://vehicle-photos-published.vauto.com/f0/d9/5b/a3-bdcf-4b91-9c3e-6635c1ba930b/image-14.jpg|http://vehicle-photos-published.vauto.com/f0/d9/5b/a3-bdcf-4b91-9c3e-6635c1ba930b/image-15.jpg|http://vehicle-photos-published.vauto.com/f0/d9/5b/a3-bdcf-4b91-9c3e-6635c1ba930b/image-16.jpg|http://vehicle-photos-published.vauto.com/f0/d9/5b/a3-bdcf-4b91-9c3e-6635c1ba930b/image-17.jpg|http://vehicle-photos-published.vauto.com/f0/d9/5b/a3-bdcf-4b91-9c3e-6635c1ba930b/image-18.jpg|http://vehicle-photos-published.vauto.com/f0/d9/5b/a3-bdcf-4b91-9c3e-6635c1ba930b/image-19.jpg|http://vehicle-photos-published.vauto.com/f0/d9/5b/a3-bdcf-4b91-9c3e-6635c1ba930b/image-20.jpg|http://vehicle-photos-published.vauto.com/f0/d9/5b/a3-bdcf-4b91-9c3e-6635c1ba930b/image-21.jpg","","","","XC60T5","N","B6 R-Design","Automatic with Geartronic","59836","",""
"volvofrederick","2022","Volvo","XC60","YV4062RL8N1954095","V954095","","10/26/2021","63005","59932","Denim Blue Metallic","Charcoal","Navigation system: Sensus Navigation|Advanced Package|Climate Package|Protection Package Premier|14 Speakers|AM/FM radio: SiriusXM|harman/kardon® Speakers|Premium audio system: Sensus Connect|Radio data system|Radio: harman/kardon Premium Audio System|Air Conditioning|Air Quality w/Advanced Air Cleaner|Automatic temperature control|Front dual zone A/C|Rear air conditioning|Rear dual zone A/C|Rear window defroster|Heated Rear Seats|Memory seat|Power driver seat|Power steering|Power windows|Remote keyless entry|Steering wheel mounted audio controls|Four wheel independent suspension|Traction control|4-Wheel Disc Brakes|ABS brakes|Anti-whiplash front head restraints|Dual front impact airbags|Dual front side impact airbags|Emergency communication system: Volvo Cars App w/4 Year Subscription|Front anti-roll bar|Knee airbag|Low tire pressure warning|Occupant sensing airbag|Overhead airbag|Power adjustable rear head restraints|Rear anti-roll bar|Power moonroof|Brake assist|Electronic Stability Control|Exterior Parking Camera Rear|Auto High-beam Headlights|Delay-off headlights|Front fog lights|Fully automatic headlights|Rear fog lights|Panic alarm|Security system|Pilot Assist Driver Assistance System|Speed control|Auto-dimming door mirrors|Bumper Cover|Bumpers: body-color|Heated door mirrors|License Plate Frame|Power door mirrors|Roof rack: rails only|Spoiler|Turn signal indicator mirrors|12V Outlet in Cargo Area|360 Degree Surroundview Camera|Auto-dimming Rear-View mirror|Driver door bin|Driver vanity mirror|Front reading lights|Garage door transmitter: HomeLink|Genuine wood console insert|Genuine wood dashboard insert|Genuine wood door panel insert|Graphical Head-Up Display|Heated Steering Wheel|Illuminated entry|Leather Shift Knob|Outside temperature display|Passenger vanity mirror|Rear reading lights|Rear seat center armrest|Rubber Floor Mats|Tachometer|Telescoping steering wheel|Tilt steering wheel|Trip computer|Front Bucket Seats|Front Center Armrest|Heated & Ventilated Front Bucket Seats|Heated front seats|Perforated Nappa Leather Upholstery|Power passenger seat|Split folding rear seat|Ventilated front seats|Cargo Tray|Passenger door bin|Alloy wheels|Wheel Locks|Wheels: 19"" 5-Multi Spoke Black Diamond Cut Alloy|Wheels: 20"" 5-Multi Spoke Black Diamond Cut Alloy|Headlight High Pressure Cleaning|Rain sensing wipers|Rear window wiper|Variably intermittent wipers","http://vehicle-photos-published.vauto.com/7d/8f/b6/32-a572-4a97-b924-e486481d5193/image-1.jpg|http://vehicle-photos-published.vauto.com/7d/8f/b6/32-a572-4a97-b924-e486481d5193/image-2.jpg|http://vehicle-photos-published.vauto.com/7d/8f/b6/32-a572-4a97-b924-e486481d5193/image-3.jpg|http://vehicle-photos-published.vauto.com/7d/8f/b6/32-a572-4a97-b924-e486481d5193/image-4.jpg|http://vehicle-photos-published.vauto.com/7d/8f/b6/32-a572-4a97-b924-e486481d5193/image-5.jpg|http://vehicle-photos-published.vauto.com/7d/8f/b6/32-a572-4a97-b924-e486481d5193/image-6.jpg|http://vehicle-photos-published.vauto.com/7d/8f/b6/32-a572-4a97-b924-e486481d5193/image-7.jpg|http://vehicle-photos-published.vauto.com/7d/8f/b6/32-a572-4a97-b924-e486481d5193/image-8.jpg|http://vehicle-photos-published.vauto.com/7d/8f/b6/32-a572-4a97-b924-e486481d5193/image-9.jpg|http://vehicle-photos-published.vauto.com/7d/8f/b6/32-a572-4a97-b924-e486481d5193/image-10.jpg|http://vehicle-photos-published.vauto.com/7d/8f/b6/32-a572-4a97-b924-e486481d5193/image-11.jpg|http://vehicle-photos-published.vauto.com/7d/8f/b6/32-a572-4a97-b924-e486481d5193/image-12.jpg|http://vehicle-photos-published.vauto.com/7d/8f/b6/32-a572-4a97-b924-e486481d5193/image-13.jpg|http://vehicle-photos-published.vauto.com/7d/8f/b6/32-a572-4a97-b924-e486481d5193/image-14.jpg|http://vehicle-photos-published.vauto.com/7d/8f/b6/32-a572-4a97-b924-e486481d5193/image-15.jpg|http://vehicle-photos-published.vauto.com/7d/8f/b6/32-a572-4a97-b924-e486481d5193/image-16.jpg|http://vehicle-photos-published.vauto.com/7d/8f/b6/32-a572-4a97-b924-e486481d5193/image-17.jpg|http://vehicle-photos-published.vauto.com/7d/8f/b6/32-a572-4a97-b924-e486481d5193/image-18.jpg|http://vehicle-photos-published.vauto.com/7d/8f/b6/32-a572-4a97-b924-e486481d5193/image-19.jpg|http://vehicle-photos-published.vauto.com/7d/8f/b6/32-a572-4a97-b924-e486481d5193/image-20.jpg|http://vehicle-photos-published.vauto.com/7d/8f/b6/32-a572-4a97-b924-e486481d5193/image-21.jpg","","","","XC60T5","N","B6 Inscription","Automatic with Geartronic","59225","",""
"volvofrederick","2022","Volvo","XC60","YV4L12RK6N1944975","V944975","","09/10/2021","53060","50598","Silver Dawn Metallic","Charcoal","Advanced Package|Climate Package|Protection Package Premier|10 Speakers|AM/FM radio: SiriusXM|Premium audio system: Sensus Connect|Radio data system|Radio: High Performance Audio System|Air Conditioning|Air Quality w/Advanced Air Cleaner|Automatic temperature control|Front dual zone A/C|Rear window defroster|Heated Rear Seats|Memory seat|Power driver seat|Power steering|Power windows|Remote keyless entry|Steering wheel mounted audio controls|Four wheel independent suspension|Traction control|4-Wheel Disc Brakes|ABS brakes|Anti-whiplash front head restraints|Dual front impact airbags|Dual front side impact airbags|Emergency communication system: Volvo Cars App w/4 Year Subscription|Front anti-roll bar|Knee airbag|Low tire pressure warning|Occupant sensing airbag|Overhead airbag|Power Child Locks - Rear Doors|Rear anti-roll bar|Power moonroof|Brake assist|Electronic Stability Control|Exterior Parking Camera Rear|Auto High-beam Headlights|Delay-off headlights|Front fog lights|Fully automatic headlights|Rear fog lights|Panic alarm|Security system|Pilot Assist Driver Assistance System|Speed control|Auto-dimming door mirrors|Bumper Cover|Bumpers: body-color|Heated door mirrors|License Plate Frame|Power door mirrors|Roof rack: rails only|Spoiler|Turn signal indicator mirrors|12V Outlet in Cargo Area|360 Degree Surroundview Camera|Auto-dimming Rear-View mirror|Driver door bin|Driver vanity mirror|Front reading lights|Graphical Head-Up Display|Heated Steering Wheel|HomeLink Garage Door Transmitter|Illuminated entry|Interior High Level Illumination|Leather Shift Knob|Outside temperature display|Passenger vanity mirror|Rear reading lights|Rear seat center armrest|Rubber Floor Mats|Tachometer|Telescoping steering wheel|Tilt steering wheel|Trip computer|Blonde City Weave Textile Upholstery|Front Bucket Seats|Front Center Armrest|Heated Front Bucket Seats|Heated front seats|Power Folding Rear Head Restraints|Power passenger seat|Split folding rear seat|Cargo Tray|Passenger door bin|Alloy wheels|Wheel Locks|Wheels: 18"" 5-Spoke Silver Alloy|Wheels: 19"" 5-Y Spoke Black Diamond Cut Alloy|Headlight High Pressure Cleaning|Rain sensing wipers|Rear window wiper|Variably intermittent wipers","http://vehicle-photos-published.vauto.com/f1/39/13/b0-610f-4937-80ca-882ff0c60a5c/image-1.jpg|http://vehicle-photos-published.vauto.com/f1/39/13/b0-610f-4937-80ca-882ff0c60a5c/image-2.jpg|http://vehicle-photos-published.vauto.com/f1/39/13/b0-610f-4937-80ca-882ff0c60a5c/image-3.jpg|http://vehicle-photos-published.vauto.com/f1/39/13/b0-610f-4937-80ca-882ff0c60a5c/image-4.jpg|http://vehicle-photos-published.vauto.com/f1/39/13/b0-610f-4937-80ca-882ff0c60a5c/image-5.jpg|http://vehicle-photos-published.vauto.com/f1/39/13/b0-610f-4937-80ca-882ff0c60a5c/image-6.jpg|http://vehicle-photos-published.vauto.com/f1/39/13/b0-610f-4937-80ca-882ff0c60a5c/image-7.jpg|http://vehicle-photos-published.vauto.com/f1/39/13/b0-610f-4937-80ca-882ff0c60a5c/image-8.jpg|http://vehicle-photos-published.vauto.com/f1/39/13/b0-610f-4937-80ca-882ff0c60a5c/image-9.jpg|http://vehicle-photos-published.vauto.com/f1/39/13/b0-610f-4937-80ca-882ff0c60a5c/image-10.jpg|http://vehicle-photos-published.vauto.com/f1/39/13/b0-610f-4937-80ca-882ff0c60a5c/image-11.jpg|http://vehicle-photos-published.vauto.com/f1/39/13/b0-610f-4937-80ca-882ff0c60a5c/image-12.jpg|http://vehicle-photos-published.vauto.com/f1/39/13/b0-610f-4937-80ca-882ff0c60a5c/image-13.jpg|http://vehicle-photos-published.vauto.com/f1/39/13/b0-610f-4937-80ca-882ff0c60a5c/image-14.jpg|http://vehicle-photos-published.vauto.com/f1/39/13/b0-610f-4937-80ca-882ff0c60a5c/image-15.jpg|http://vehicle-photos-published.vauto.com/f1/39/13/b0-610f-4937-80ca-882ff0c60a5c/image-16.jpg|http://vehicle-photos-published.vauto.com/f1/39/13/b0-610f-4937-80ca-882ff0c60a5c/image-17.jpg|http://vehicle-photos-published.vauto.com/f1/39/13/b0-610f-4937-80ca-882ff0c60a5c/image-18.jpg|http://vehicle-photos-published.vauto.com/f1/39/13/b0-610f-4937-80ca-882ff0c60a5c/image-19.jpg|http://vehicle-photos-published.vauto.com/f1/39/13/b0-610f-4937-80ca-882ff0c60a5c/image-20.jpg|http://vehicle-photos-published.vauto.com/f1/39/13/b0-610f-4937-80ca-882ff0c60a5c/image-21.jpg","","","","XC60T5","N","B5 Momentum","Automatic with Geartronic","49876","",""
"volvofrederick","2021","Volvo","XC90","YV4A22PL7M1767724","V767724","","08/17/2021","71025","67845","Pebble Gray Metallic","Blond","Navigation system: Sensus Navigation|Advanced Package|Climate Package|Protection Package Premier|14 Speakers|AM/FM radio: SiriusXM|harman/kardon® Speakers|Premium audio system: Sensus Connect|Radio data system|Radio: harman/kardon Premium Audio System|Air Conditioning|Air Quality with Advanced Air Cleaner|Automatic temperature control|Front dual zone A/C|Rear air conditioning|Rear dual zone A/C|Rear window defroster|Heated Rear Seats|Memory seat|Power driver seat|Power steering|Power windows|Remote keyless entry|Steering wheel mounted audio controls|4-Corner Air Suspension|Four wheel independent suspension|Speed-sensing steering|Traction control|4-Wheel Disc Brakes|ABS brakes|Anti-whiplash front head restraints|Dual front impact airbags|Dual front side impact airbags|Emergency communication system: Volvo On-Call w/4 year subscription|Front anti-roll bar|Knee airbag|Low tire pressure warning|Occupant sensing airbag|Overhead airbag|Power adjustable rear head restraints|Rear anti-roll bar|Power moonroof|Power Liftgate|Brake assist|Electronic Stability Control|Exterior Parking Camera Rear|Auto High-beam Headlights|Delay-off headlights|Front fog lights|Fully automatic headlights|Headlight cleaning|Rear fog lights|Panic alarm|Security system|Speed control|Auto-dimming door mirrors|Bodyside moldings|Bumper Cover|Bumpers: body-color|Heated door mirrors|License Plate Frame|Power door mirrors|Roof rack: rails only|Spoiler|Turn signal indicator mirrors|360 Degree Surroundview Camera|Apple CarPlay/Android Auto|Auto-dimming Rear-View mirror|Driver door bin|Driver vanity mirror|Front reading lights|Garage door transmitter: HomeLink|Genuine wood dashboard insert|Genuine wood door panel insert|Graphical Head-Up Display|Heated Steering Wheel|Illuminated entry|Leather Shift Knob|Outside temperature display|Park Assist Pilot|Passenger vanity mirror|Rear reading lights|Rear seat center armrest|Rubber Floor Mats|Sun blinds|Tachometer|Telescoping steering wheel|Tilt steering wheel|Trip computer|3rd row seats: bucket|Front Bucket Seats|Heated & Ventilated Front Bucket Seats|Heated front seats|Perforated Nappa Leather Upholstery|Power passenger seat|Split folding rear seat|Ventilated front seats|Cargo Tray|Front Center Armrest w/Storage|Passenger door bin|Alloy wheels|Wheel Locks|Wheels: 20"" 10-Spoke Black Diamond Cut Alloy|Wheels: 21"" 8-Multi Spoke Black Diamond Cut Alloy|Heated Windshield Wiper Blades|Rain sensing wipers|Rear window wiper|Variably intermittent wipers","http://vehicle-photos-published.vauto.com/f9/da/e2/1f-2790-49b9-90dd-bb0893d549e9/image-1.jpg|http://vehicle-photos-published.vauto.com/f9/da/e2/1f-2790-49b9-90dd-bb0893d549e9/image-2.jpg|http://vehicle-photos-published.vauto.com/f9/da/e2/1f-2790-49b9-90dd-bb0893d549e9/image-3.jpg|http://vehicle-photos-published.vauto.com/f9/da/e2/1f-2790-49b9-90dd-bb0893d549e9/image-4.jpg|http://vehicle-photos-published.vauto.com/f9/da/e2/1f-2790-49b9-90dd-bb0893d549e9/image-5.jpg|http://vehicle-photos-published.vauto.com/f9/da/e2/1f-2790-49b9-90dd-bb0893d549e9/image-6.jpg|http://vehicle-photos-published.vauto.com/f9/da/e2/1f-2790-49b9-90dd-bb0893d549e9/image-7.jpg|http://vehicle-photos-published.vauto.com/f9/da/e2/1f-2790-49b9-90dd-bb0893d549e9/image-8.jpg|http://vehicle-photos-published.vauto.com/f9/da/e2/1f-2790-49b9-90dd-bb0893d549e9/image-9.jpg|http://vehicle-photos-published.vauto.com/f9/da/e2/1f-2790-49b9-90dd-bb0893d549e9/image-10.jpg|http://vehicle-photos-published.vauto.com/f9/da/e2/1f-2790-49b9-90dd-bb0893d549e9/image-11.jpg|http://vehicle-photos-published.vauto.com/f9/da/e2/1f-2790-49b9-90dd-bb0893d549e9/image-12.jpg|http://vehicle-photos-published.vauto.com/f9/da/e2/1f-2790-49b9-90dd-bb0893d549e9/image-13.jpg|http://vehicle-photos-published.vauto.com/f9/da/e2/1f-2790-49b9-90dd-bb0893d549e9/image-14.jpg|http://vehicle-photos-published.vauto.com/f9/da/e2/1f-2790-49b9-90dd-bb0893d549e9/image-15.jpg|http://vehicle-photos-published.vauto.com/f9/da/e2/1f-2790-49b9-90dd-bb0893d549e9/image-16.jpg|http://vehicle-photos-published.vauto.com/f9/da/e2/1f-2790-49b9-90dd-bb0893d549e9/image-17.jpg|http://vehicle-photos-published.vauto.com/f9/da/e2/1f-2790-49b9-90dd-bb0893d549e9/image-18.jpg|http://vehicle-photos-published.vauto.com/f9/da/e2/1f-2790-49b9-90dd-bb0893d549e9/image-19.jpg|http://vehicle-photos-published.vauto.com/f9/da/e2/1f-2790-49b9-90dd-bb0893d549e9/image-20.jpg|http://vehicle-photos-published.vauto.com/f9/da/e2/1f-2790-49b9-90dd-bb0893d549e9/image-21.jpg","","","","XC90T6AWD","N","T6 Inscription","Automatic with Geartronic","65785","",""
"volvofrederick","2022","Volvo","XC90 Recharge Plug-In Hybrid","YV4BR0CM7N1808714","V808714","","11/30/2021","77020","73053","Thunder Gray Metallic","Charcoal","Navigation system: Sensus Navigation|Advanced Package|Climate Package|Protection Package Premier|14 Speakers|AM/FM radio: SiriusXM|harman/kardon® Speakers|Premium audio system: Sensus Connect|Radio data system|Radio: harman/kardon Premium Audio System|Air Conditioning|Air Quality with Advanced Air Cleaner|Automatic temperature control|Front dual zone A/C|Rear air conditioning|Rear dual zone A/C|Rear window defroster|Heated Rear Seats|Memory seat|Power driver seat|Power steering|Power windows|Remote keyless entry|Steering wheel mounted audio controls|Four wheel independent suspension|Speed-sensing steering|Traction control|4-Wheel Disc Brakes|ABS brakes|Anti-whiplash front head restraints|Dual front impact airbags|Dual front side impact airbags|Emergency communication system: Volvo Cars App w/4 Year Subscription|Front anti-roll bar|Knee airbag|Low tire pressure warning|Occupant sensing airbag|Overhead airbag|Power adjustable rear head restraints|Rear anti-roll bar|Power moonroof|Brake assist|Electronic Stability Control|Exterior Parking Camera Rear|Auto High-beam Headlights|Delay-off headlights|Fully automatic headlights|Rear fog lights|Panic alarm|Security system|Speed control|Auto-dimming door mirrors|Bumper Cover|Bumpers: body-color|Heated door mirrors|License Plate Frame|Power door mirrors|Roof rack: rails only|Spoiler|Turn signal indicator mirrors|360 Surround View Camera|Apple CarPlay/Android Auto|Auto-dimming Rear-View mirror|Driver door bin|Driver vanity mirror|Front Heated R-Design Sport Seats|Front reading lights|Garage door transmitter: HomeLink|Graphical Head-Up Display|Heated Steering Wheel|Illuminated entry|Outside temperature display|Park Assist Pilot|Passenger vanity mirror|Rear reading lights|Rear seat center armrest|Rubber Floor Mats|Sport steering wheel|Sun blinds|Tachometer|Telescoping steering wheel|Tilt steering wheel|Trip computer|3rd row seats: bucket|Front Bucket Seats|Heated front seats|Nappa Leather Upholstery|Power passenger seat|Split folding rear seat|Cargo Tray|Front Center Armrest w/Storage|Passenger door bin|Alloy wheels|Wheel Locks|Wheels: 20"" 5-Spoke Black Diamond Cut Alloy|Wheels: 22"" 6-Spoke Black|Headlight High Pressure Cleaning|Rain sensing wipers|Rear window wiper|Variably intermittent wipers|POLESTAR","http://vehicle-photos-published.vauto.com/64/6b/58/6a-2b45-4dc8-8972-9225e86452c2/image-1.jpg|http://vehicle-photos-published.vauto.com/64/6b/58/6a-2b45-4dc8-8972-9225e86452c2/image-2.jpg|http://vehicle-photos-published.vauto.com/64/6b/58/6a-2b45-4dc8-8972-9225e86452c2/image-3.jpg|http://vehicle-photos-published.vauto.com/64/6b/58/6a-2b45-4dc8-8972-9225e86452c2/image-4.jpg|http://vehicle-photos-published.vauto.com/64/6b/58/6a-2b45-4dc8-8972-9225e86452c2/image-5.jpg|http://vehicle-photos-published.vauto.com/64/6b/58/6a-2b45-4dc8-8972-9225e86452c2/image-6.jpg|http://vehicle-photos-published.vauto.com/64/6b/58/6a-2b45-4dc8-8972-9225e86452c2/image-7.jpg|http://vehicle-photos-published.vauto.com/64/6b/58/6a-2b45-4dc8-8972-9225e86452c2/image-8.jpg|http://vehicle-photos-published.vauto.com/64/6b/58/6a-2b45-4dc8-8972-9225e86452c2/image-9.jpg|http://vehicle-photos-published.vauto.com/64/6b/58/6a-2b45-4dc8-8972-9225e86452c2/image-10.jpg|http://vehicle-photos-published.vauto.com/64/6b/58/6a-2b45-4dc8-8972-9225e86452c2/image-11.jpg|http://vehicle-photos-published.vauto.com/64/6b/58/6a-2b45-4dc8-8972-9225e86452c2/image-12.jpg|http://vehicle-photos-published.vauto.com/64/6b/58/6a-2b45-4dc8-8972-9225e86452c2/image-13.jpg|http://vehicle-photos-published.vauto.com/64/6b/58/6a-2b45-4dc8-8972-9225e86452c2/image-14.jpg|http://vehicle-photos-published.vauto.com/64/6b/58/6a-2b45-4dc8-8972-9225e86452c2/image-15.jpg|http://vehicle-photos-published.vauto.com/64/6b/58/6a-2b45-4dc8-8972-9225e86452c2/image-16.jpg|http://vehicle-photos-published.vauto.com/64/6b/58/6a-2b45-4dc8-8972-9225e86452c2/image-17.jpg|http://vehicle-photos-published.vauto.com/64/6b/58/6a-2b45-4dc8-8972-9225e86452c2/image-18.jpg|http://vehicle-photos-published.vauto.com/64/6b/58/6a-2b45-4dc8-8972-9225e86452c2/image-19.jpg|http://vehicle-photos-published.vauto.com/64/6b/58/6a-2b45-4dc8-8972-9225e86452c2/image-20.jpg","","","","XC90T6","N","T8 R-Design 7 Passenger","Automatic with Geartronic","75480","",""
"volvofrederick","2022","Volvo","XC60","YV4062RM3N1972254","V972254","","11/30/2021","63855","61337","Silver Dawn Metallic","Slate","Navigation system: Sensus Navigation|Advanced Package|Climate Package|Protection Package Premier|14 Speakers|AM/FM radio: SiriusXM|harman/kardon® Speakers|Premium audio system: Sensus Connect|Radio data system|Radio: harman/kardon Premium Audio System|Air Conditioning|Air Quality w/Advanced Air Cleaner|Automatic temperature control|Front dual zone A/C|Rear air conditioning|Rear dual zone A/C|Rear window defroster|Heated Rear Seats|Memory seat|Power driver seat|Power steering|Power windows|Remote keyless entry|Steering wheel mounted audio controls|4-Corner Air Suspension|Four wheel independent suspension|Traction control|4-Wheel Disc Brakes|ABS brakes|Anti-whiplash front head restraints|Dual front impact airbags|Dual front side impact airbags|Emergency communication system: Volvo Cars App w/4 Year Subscription|Front anti-roll bar|Knee airbag|Low tire pressure warning|Occupant sensing airbag|Overhead airbag|Power adjustable rear head restraints|Rear anti-roll bar|Power moonroof|Brake assist|Electronic Stability Control|Exterior Parking Camera Rear|Auto High-beam Headlights|Delay-off headlights|Front fog lights|Fully automatic headlights|Rear fog lights|Panic alarm|Security system|Pilot Assist Driver Assistance System|Speed control|Auto-dimming door mirrors|Bumper Cover|Bumpers: body-color|Heated door mirrors|License Plate Frame|Mud Flaps|Power door mirrors|Roof rack: rails only|Spoiler|Turn signal indicator mirrors|12V Outlet in Cargo Area|360 Degree Surroundview Camera|Auto-dimming Rear-View mirror|Driver door bin|Driver vanity mirror|Front reading lights|Garage door transmitter: HomeLink|Graphical Head-Up Display|Heated Front R-Design Sport Seats|Heated Steering Wheel|Illuminated entry|Leather Shift Knob|Outside temperature display|Passenger vanity mirror|Rear reading lights|Rear seat center armrest|Rubber Floor Mats|Sport steering wheel|Tachometer|Telescoping steering wheel|Tilt steering wheel|Trip computer|Front Bucket Seats|Front Center Armrest|Heated front seats|Nappa Leather Fr & Leatherette Rr Upholstery|Power passenger seat|Split folding rear seat|Cargo Tray|Luggage Cover|Passenger door bin|Alloy wheels|Wheel Locks|Wheels: 19"" 5-Dbl Spk Matte Black Diamond Cut Alloy|Wheels: 21"" 5-Double Spoke Black Diamond Cut Alloy|Headlight High Pressure Cleaning|Rain sensing wipers|Rear window wiper|Variably intermittent wipers","http://vehicle-photos-published.vauto.com/72/68/ff/f4-b9a8-42d9-a7c9-eae361ad0458/image-1.jpg|http://vehicle-photos-published.vauto.com/72/68/ff/f4-b9a8-42d9-a7c9-eae361ad0458/image-2.jpg|http://vehicle-photos-published.vauto.com/72/68/ff/f4-b9a8-42d9-a7c9-eae361ad0458/image-3.jpg|http://vehicle-photos-published.vauto.com/72/68/ff/f4-b9a8-42d9-a7c9-eae361ad0458/image-4.jpg|http://vehicle-photos-published.vauto.com/72/68/ff/f4-b9a8-42d9-a7c9-eae361ad0458/image-5.jpg|http://vehicle-photos-published.vauto.com/72/68/ff/f4-b9a8-42d9-a7c9-eae361ad0458/image-6.jpg|http://vehicle-photos-published.vauto.com/72/68/ff/f4-b9a8-42d9-a7c9-eae361ad0458/image-7.jpg|http://vehicle-photos-published.vauto.com/72/68/ff/f4-b9a8-42d9-a7c9-eae361ad0458/image-8.jpg|http://vehicle-photos-published.vauto.com/72/68/ff/f4-b9a8-42d9-a7c9-eae361ad0458/image-9.jpg|http://vehicle-photos-published.vauto.com/72/68/ff/f4-b9a8-42d9-a7c9-eae361ad0458/image-10.jpg|http://vehicle-photos-published.vauto.com/72/68/ff/f4-b9a8-42d9-a7c9-eae361ad0458/image-11.jpg|http://vehicle-photos-published.vauto.com/72/68/ff/f4-b9a8-42d9-a7c9-eae361ad0458/image-12.jpg|http://vehicle-photos-published.vauto.com/72/68/ff/f4-b9a8-42d9-a7c9-eae361ad0458/image-13.jpg|http://vehicle-photos-published.vauto.com/72/68/ff/f4-b9a8-42d9-a7c9-eae361ad0458/image-14.jpg|http://vehicle-photos-published.vauto.com/72/68/ff/f4-b9a8-42d9-a7c9-eae361ad0458/image-15.jpg|http://vehicle-photos-published.vauto.com/72/68/ff/f4-b9a8-42d9-a7c9-eae361ad0458/image-16.jpg|http://vehicle-photos-published.vauto.com/72/68/ff/f4-b9a8-42d9-a7c9-eae361ad0458/image-17.jpg|http://vehicle-photos-published.vauto.com/72/68/ff/f4-b9a8-42d9-a7c9-eae361ad0458/image-18.jpg|http://vehicle-photos-published.vauto.com/72/68/ff/f4-b9a8-42d9-a7c9-eae361ad0458/image-19.jpg|http://vehicle-photos-published.vauto.com/72/68/ff/f4-b9a8-42d9-a7c9-eae361ad0458/image-20.jpg","","","","XC60T5","N","B6 R-Design","Automatic with Geartronic","61939","",""
"volvofrederick","2022","Volvo","XC60","YV4L12RL1N1921645","V921645","","11/11/2021","59085","56147","","","Navigation system: Sensus Navigation|Advanced Package|Climate Package|Protection Package Premier|14 Speakers|AM/FM radio: SiriusXM|harman/kardon® Speakers|Premium audio system: Sensus Connect|Radio data system|Radio: harman/kardon Premium Audio System|Air Conditioning|Air Quality w/Advanced Air Cleaner|Automatic temperature control|Front dual zone A/C|Rear air conditioning|Rear dual zone A/C|Rear window defroster|Heated Rear Seats|Memory seat|Power driver seat|Power steering|Power windows|Remote keyless entry|Steering wheel mounted audio controls|Four wheel independent suspension|Traction control|4-Wheel Disc Brakes|ABS brakes|Anti-whiplash front head restraints|Dual front impact airbags|Dual front side impact airbags|Emergency communication system: Volvo Cars App w/4 Year Subscription|Front anti-roll bar|Knee airbag|Low tire pressure warning|Occupant sensing airbag|Overhead airbag|Power adjustable rear head restraints|Rear anti-roll bar|Power moonroof|Brake assist|Electronic Stability Control|Exterior Parking Camera Rear|Auto High-beam Headlights|Delay-off headlights|Front fog lights|Fully automatic headlights|Rear fog lights|Panic alarm|Security system|Pilot Assist Driver Assistance System|Speed control|Auto-dimming door mirrors|Bumper Cover|Bumpers: body-color|Heated door mirrors|License Plate Frame|Power door mirrors|Roof rack: rails only|Spoiler|Turn signal indicator mirrors|12V Outlet in Cargo Area|360 Degree Surroundview Camera|Auto-dimming Rear-View mirror|Driver door bin|Driver vanity mirror|Front reading lights|Garage door transmitter: HomeLink|Genuine wood console insert|Genuine wood dashboard insert|Genuine wood door panel insert|Graphical Head-Up Display|Heated Steering Wheel|Illuminated entry|Leather Shift Knob|Outside temperature display|Passenger vanity mirror|Rear reading lights|Rear seat center armrest|Rubber Floor Mats|Tachometer|Telescoping steering wheel|Tilt steering wheel|Trip computer|Front Bucket Seats|Front Center Armrest|Heated & Ventilated Front Bucket Seats|Heated front seats|Perforated Nappa Leather Upholstery|Power passenger seat|Split folding rear seat|Ventilated front seats|Cargo Tray|Eyeglass Holder|Luggage Cover|Passenger door bin|Alloy wheels|Wheel Locks|Wheels: 19"" 5-Multi Spoke Black Diamond Cut Alloy|Wheels: 20"" 5-Multi Spoke Black Diamond Cut Alloy|Headlight High Pressure Cleaning|Rain sensing wipers|Rear window wiper|Variably intermittent wipers","","","","","XC60B5IAWD","N","B5 Inscription","Automatic with Geartronic","57312","",""
"volvofrederick","2022","Volvo","XC60","YV4062RL9N1978342","V978342","","12/23/2021","64805","61624","Denim Blue Metallic","Amber","Navigation System|Advanced Package|Climate Package|Protection Package Premier|14 Speakers|AM/FM radio: SiriusXM|harman/kardon® Speakers|Radio data system|Radio: harman/kardon Premium Audio System|Air Conditioning|Air Quality w/Advanced Air Cleaner|Automatic temperature control|Front dual zone A/C|Rear air conditioning|Rear dual zone A/C|Rear window defroster|Heated Rear Seats|Memory seat|Power driver seat|Power steering|Power windows|Remote keyless entry|Steering wheel mounted audio controls|4-Corner Air Suspension|Four wheel independent suspension|Traction control|4-Wheel Disc Brakes|ABS brakes|Anti-whiplash front head restraints|Dual front impact airbags|Dual front side impact airbags|Emergency communication system: Volvo Cars App w/4 Year Subscription|Front anti-roll bar|Knee airbag|Low tire pressure warning|Occupant sensing airbag|Overhead airbag|Power adjustable rear head restraints|Rear anti-roll bar|Power moonroof|Brake assist|Electronic Stability Control|Exterior Parking Camera Rear|Auto High-beam Headlights|Delay-off headlights|Front fog lights|Fully automatic headlights|Rear fog lights|Panic alarm|Security system|Pilot Assist Driver Assistance System|Speed control|Auto-dimming door mirrors|Bumper Cover|Bumpers: body-color|Heated door mirrors|License Plate Frame|Power door mirrors|Roof rack: rails only|Spoiler|Turn signal indicator mirrors|12V Outlet in Cargo Area|360 Degree Surroundview Camera|Auto-dimming Rear-View mirror|Driver door bin|Driver vanity mirror|Front reading lights|Garage door transmitter: HomeLink|Genuine wood console insert|Genuine wood dashboard insert|Genuine wood door panel insert|Graphical Head-Up Display|Heated Steering Wheel|Illuminated entry|Leather Shift Knob|Outside temperature display|Passenger vanity mirror|Rear reading lights|Rear seat center armrest|Rubber Floor Mats|Tachometer|Telescoping steering wheel|Tilt steering wheel|Trip computer|Front Bucket Seats|Front Center Armrest|Heated & Ventilated Front Bucket Seats|Heated front seats|Perforated Nappa Leather Upholstery|Power passenger seat|Split folding rear seat|Ventilated front seats|Cargo Tray|Luggage Cover|Passenger door bin|Alloy wheels|Wheel Locks|Wheels: 19"" 5-Multi Spoke Black Diamond Cut Alloy|Wheels: 20"" 5-Multi Spoke Black Diamond Cut Alloy|Headlight High Pressure Cleaning|Rain sensing wipers|Rear window wiper|Variably intermittent wipers","","","","","XC60T5","N","B6 Inscription","Automatic with Geartronic","62861","",""
"volvofrederick","2022","Volvo","XC90","YV4A22PL5N1817327","V817327","","12/31/2021","71895","","Denim Blue Metallic","Slate","Navigation system: Sensus Navigation|Advanced Package|Climate Package|Protection Package Premier|14 Speakers|AM/FM radio: SiriusXM|harman/kardon® Speakers|Premium audio system: Sensus Connect|Radio data system|Radio: harman/kardon Premium Audio System|Air Conditioning|Air Quality with Advanced Air Cleaner|Automatic temperature control|Front dual zone A/C|Rear air conditioning|Rear dual zone A/C|Rear window defroster|Heated Rear Seats|Memory seat|Power driver seat|Power steering|Power windows|Remote keyless entry|Steering wheel mounted audio controls|4-Corner Air Suspension|Four wheel independent suspension|Speed-sensing steering|Traction control|4-Wheel Disc Brakes|ABS brakes|Anti-whiplash front head restraints|Dual front impact airbags|Dual front side impact airbags|Emergency communication system: Volvo Cars App w/4 Year Subscription|Front anti-roll bar|Knee airbag|Low tire pressure warning|Occupant sensing airbag|Overhead airbag|Power adjustable rear head restraints|Rear anti-roll bar|Power moonroof|Brake assist|Electronic Stability Control|Exterior Parking Camera Rear|Auto High-beam Headlights|Delay-off headlights|Front fog lights|Fully automatic headlights|Rear fog lights|Panic alarm|Security system|Speed control|Auto-dimming door mirrors|Bodyside moldings|Bumper Cover|Bumpers: body-color|Heated door mirrors|License Plate Frame|Power door mirrors|Roof rack: rails only|Spoiler|Turn signal indicator mirrors|360 Surround View Camera|Apple CarPlay/Android Auto|Auto-dimming Rear-View mirror|Driver door bin|Driver vanity mirror|Front reading lights|Garage door transmitter: HomeLink|Genuine wood dashboard insert|Genuine wood door panel insert|Graphical Head-Up Display|Heated Steering Wheel|Illuminated entry|Leather Shift Knob|Outside temperature display|Passenger vanity mirror|Rear reading lights|Rear seat center armrest|Rubber Floor Mats|Sun blinds|Tachometer|Telescoping steering wheel|Tilt steering wheel|Trip computer|3rd row seats: bucket|Front Bucket Seats|Heated & Ventilated Front Bucket Seats|Heated front seats|Perforated Nappa Leather Upholstery|Power passenger seat|Split folding rear seat|Ventilated front seats|Cargo Tray|Front Center Armrest w/Storage|Grocery Bag Holder|Luggage Cover|Passenger door bin|Alloy wheels|Wheel Locks|Wheels: 20"" 10-Spoke Black Diamond Cut Alloy|Wheels: 21"" 8-Multi Spoke Black Diamond Cut Alloy|Headlight High Pressure Cleaning|Rain sensing wipers|Rear window wiper|Variably intermittent wipers","","","","","XC90T6","N","T6 Inscription","Automatic with Geartronic","69738","",""
"volvofrederick","2022","Volvo","XC60","YV4062RL3N1906276","V906276","","08/12/2021","60205","57300","Onyx Black Metallic","Charcoal","Navigation system: Sensus Navigation|Protection Package Premier|14 Speakers|AM/FM radio: SiriusXM|harman/kardon® Speakers|Premium audio system: Sensus Connect|Radio data system|Radio: harman/kardon Premium Audio System|Air Conditioning|Automatic temperature control|Front dual zone A/C|Rear air conditioning|Rear dual zone A/C|Rear window defroster|Memory seat|Power driver seat|Power steering|Power windows|Remote keyless entry|Steering wheel mounted audio controls|Four wheel independent suspension|Traction control|4-Wheel Disc Brakes|ABS brakes|Anti-whiplash front head restraints|Dual front impact airbags|Dual front side impact airbags|Emergency communication system: Volvo Cars App|Front anti-roll bar|Knee airbag|Low tire pressure warning|Occupant sensing airbag|Overhead airbag|Power adjustable rear head restraints|Rear anti-roll bar|Power moonroof|Brake assist|Electronic Stability Control|Exterior Parking Camera Rear|Auto High-beam Headlights|Delay-off headlights|Front fog lights|Fully automatic headlights|Rear fog lights|Panic alarm|Security system|Speed control|Auto-dimming door mirrors|Bumper Cover|Bumpers: body-color|Heated door mirrors|License Plate Frame|Power door mirrors|Roof rack: rails only|Spoiler|Turn signal indicator mirrors|Auto-dimming Rear-View mirror|Driver door bin|Driver vanity mirror|Front reading lights|Garage door transmitter: HomeLink|Genuine wood console insert|Genuine wood dashboard insert|Genuine wood door panel insert|Illuminated entry|Leather Shift Knob|Outside temperature display|Passenger vanity mirror|Rear reading lights|Rear seat center armrest|Rubber Floor Mats|Tachometer|Telescoping steering wheel|Tilt steering wheel|Trip computer|Front Bucket Seats|Front Center Armrest|Heated & Ventilated Front Bucket Seats|Heated front seats|Perforated Nappa Leather Upholstery|Power passenger seat|Split folding rear seat|Ventilated front seats|Cargo Tray|Luggage Cover|Passenger door bin|Alloy wheels|Wheel Locks|Wheels: 19"" 5-Multi Spoke Black Diamond Cut Alloy|Wheels: 20"" 5-Multi Spoke Black Diamond Cut Alloy|Rain sensing wipers|Rear window wiper|Variably intermittent wipers","","71700","","","XC60T5","N","B6 Inscription","Automatic with Geartronic","56593","",""
"volvofrederick","2022","Volvo","XC90 Recharge Plug-In Hybrid","YV4BR00L1N1818621","V818621","","2021/12/31","74940","","Crystal White Metallic","Blond","Navigation system: Sensus Navigation|Climate Package|14 Speakers|AM/FM radio: SiriusXM|harman/kardon® Speakers|Premium audio system: Sensus Connect|Radio data system|Radio: harman/kardon Premium Audio System|Air Conditioning|Automatic temperature control|Front dual zone A/C|Rear air conditioning|Rear dual zone A/C|Rear window defroster|Heated Rear Seats|Memory seat|Power driver seat|Power steering|Power windows|Remote keyless entry|Steering wheel mounted audio controls|Four wheel independent suspension|Speed-sensing steering|Traction control|4-Wheel Disc Brakes|ABS brakes|Anti-whiplash front head restraints|Dual front impact airbags|Dual front side impact airbags|Emergency communication system: Volvo Cars App w/4 Year Subscription|Front anti-roll bar|Knee airbag|Low tire pressure warning|Occupant sensing airbag|Overhead airbag|Power adjustable rear head restraints|Rear anti-roll bar|Power moonroof|Brake assist|Electronic Stability Control|Exterior Parking Camera Rear|Auto High-beam Headlights|Delay-off headlights|Fully automatic headlights|Rear fog lights|Panic alarm|Security system|Speed control|Auto-dimming door mirrors|Bodyside moldings|Bumpers: body-color|Heated door mirrors|Power door mirrors|Roof rack: rails only|Spoiler|Turn signal indicator mirrors|Apple CarPlay/Android Auto|Auto-dimming Rear-View mirror|Driver door bin|Driver vanity mirror|Front Heated & Ventilated Bucket Seats|Front reading lights|Garage door transmitter: HomeLink|Genuine wood dashboard insert|Genuine wood door panel insert|Heated Steering Wheel|Illuminated entry|Outside temperature display|Passenger vanity mirror|Rear reading lights|Sun blinds|Tachometer|Telescoping steering wheel|Tilt steering wheel|Trip computer|3rd row seats: bucket|Front Bucket Seats|Heated front seats|Perforated Nappa Leather Upholstery|Power passenger seat|Split folding rear seat|Ventilated front seats|Front Center Armrest w/Storage|Passenger door bin|Alloy wheels|Wheels: 20"" 10-Spoke Black Diamond Cut Alloy|Headlight High Pressure Cleaning|Rain sensing wipers|Rear window wiper|Variably intermittent wipers","","","","","XC90T6","N","T8 Inscription 6 Passenger","Automatic with Geartronic","73441","",""
"volvofrederick","2022","Volvo","XC60","YV4L12RK9N1003021","V003021","","12/31/2021","53555","","Denim Blue Metallic","Maroon Brown","Advanced Package|Climate Package|Protection Package Premier|10 Speakers|AM/FM radio: SiriusXM|Radio data system|Radio: High Performance Audio System|Air Conditioning|Air Quality w/Advanced Air Cleaner|Automatic temperature control|Front dual zone A/C|Rear window defroster|Heated Rear Seats|Memory seat|Power driver seat|Power steering|Power windows|Remote keyless entry|Steering wheel mounted audio controls|Four wheel independent suspension|Traction control|4-Wheel Disc Brakes|ABS brakes|Anti-whiplash front head restraints|Dual front impact airbags|Dual front side impact airbags|Emergency communication system: Volvo Cars App w/4 Year Subscription|Front anti-roll bar|Knee airbag|Low tire pressure warning|Occupant sensing airbag|Overhead airbag|Power Child Locks - Rear Doors|Rear anti-roll bar|Power moonroof|Brake assist|Electronic Stability Control|Exterior Parking Camera Rear|Auto High-beam Headlights|Delay-off headlights|Front fog lights|Fully automatic headlights|Rear fog lights|Panic alarm|Security system|Pilot Assist Driver Assistance System|Speed control|Auto-dimming door mirrors|Bumper Cover|Bumpers: body-color|Heated door mirrors|License Plate Frame|Power door mirrors|Roof rack: rails only|Spoiler|Turn signal indicator mirrors|12V Outlet in Cargo Area|360 Degree Surroundview Camera|Auto-dimming Rear-View mirror|Driver door bin|Driver vanity mirror|Front reading lights|Graphical Head-Up Display|Heated Steering Wheel|HomeLink Garage Door Transmitter|Illuminated entry|Interior High Level Illumination|Leather Shift Knob|Outside temperature display|Passenger vanity mirror|Rear reading lights|Rear seat center armrest|Rubber Floor Mats|Tachometer|Telescoping steering wheel|Tilt steering wheel|Trip computer|Blonde City Weave Textile Upholstery|Front Bucket Seats|Front Center Armrest|Heated Front Bucket Seats|Heated front seats|Power Folding Rear Head Restraints|Power passenger seat|Split folding rear seat|Cargo Tray|Luggage Cover|Passenger door bin|Alloy wheels|Wheel Locks|Wheels: 18"" 5-Spoke Silver Alloy|Wheels: 20"" 5-Y Spoke Graphite Diamond Cut Alloy|Headlight High Pressure Cleaning|Rain sensing wipers|Rear window wiper|Variably intermittent wipers","","","","","XC60T5","N","B5 Momentum","Automatic with Geartronic","51948","",""
"volvofrederick","2022","Volvo","XC60 Recharge Plug-In Hybrid","YV4BR0DZ0N1992596","V992596","","12/31/2021","62855","59791","Pine Gray Metallic","Blonde","Advanced Package|Climate Package|Protection Package Premier|11 Speakers|AM/FM radio: SiriusXM|Premium audio system: Sensus Connect|Radio data system|Radio: High Performance Audio System|Air Conditioning|Air Quality w/Advanced Air Cleaner|Automatic temperature control|Front dual zone A/C|Rear window defroster|Heated Rear Seats|Memory seat|Power driver seat|Power steering|Power windows|Remote keyless entry|Steering wheel mounted audio controls|Four wheel independent suspension|Traction control|4-Wheel Disc Brakes|ABS brakes|Anti-whiplash front head restraints|Dual front impact airbags|Dual front side impact airbags|Emergency communication system: Volvo Cars App w/4 Year Subscription|Front anti-roll bar|Knee airbag|Low tire pressure warning|Occupant sensing airbag|Overhead airbag|Power Child Locks - Rear Doors|Rear anti-roll bar|Power moonroof|Brake assist|Electronic Stability Control|Exterior Parking Camera Rear|Auto High-beam Headlights|Delay-off headlights|Fully automatic headlights|Rear fog lights|Panic alarm|Security system|Pilot Assist Driver Assistance System|Speed control|Auto-dimming door mirrors|Bumper Cover|Bumpers: body-color|Heated door mirrors|License Plate Frame|Power door mirrors|Roof rack: rails only|Spoiler|Turn signal indicator mirrors|12V Outlet in Cargo Area|360 Degree Surroundview Camera|Auto-dimming Rear-View mirror|Driver door bin|Driver vanity mirror|Front reading lights|Graphical Head-Up Display|Heated Steering Wheel|HomeLink Garage Door Transmitter|Illuminated entry|Interior High Level Illumination|Leather Shift Knob|Outside temperature display|Passenger vanity mirror|Rear reading lights|Rear seat center armrest|Rubber Floor Mats|Tachometer|Telescoping steering wheel|Tilt steering wheel|Trip computer|Blonde City Weave Textile Upholstery|Front Bucket Seats|Front Center Armrest|Front Heated Bucket Seats|Heated front seats|Leather Upholstery w/Blonde Interior|Power Folding Rear Head Restraints|Power passenger seat|Split folding rear seat|Cargo Tray|Passenger door bin|Alloy wheels|Wheel Locks|Wheels: 18"" 5-Double Spoke Black Diamond Cut Alloy|Wheels: 20"" 5-Y Spoke Graphite Diamond Cut Alloy|Headlight High Pressure Cleaning|Rain sensing wipers|Rear window wiper|Variably intermittent wipers","","","","","XC60T5","N","T8 Inscription Expression","Automatic with Geartronic","61598","",""
"volvofrederick","2022","Volvo","XC60 Recharge Plug-In Hybrid","YV4BR0DLXN1978099","V978099","","12/20/2021","70105","66606","Pine Gray Metallic","Blond","Navigation system: Sensus Navigation|Advanced Package|Climate Package|Protection Package Premier|14 Speakers|AM/FM radio: SiriusXM|harman/kardon® Speakers|Premium audio system: Sensus Connect|Radio data system|Radio: harman/kardon Premium Audio System|Air Conditioning|Air Quality w/Advanced Air Cleaner|Automatic temperature control|Front dual zone A/C|Rear window defroster|Heated Rear Seats|Memory seat|Power driver seat|Power steering|Power windows|Remote keyless entry|Steering wheel mounted audio controls|4-Corner Air Suspension|Four wheel independent suspension|Traction control|4-Wheel Disc Brakes|ABS brakes|Anti-whiplash front head restraints|Dual front impact airbags|Dual front side impact airbags|Emergency communication system: Volvo Cars App w/4 Year Subscription|Front anti-roll bar|Knee airbag|Low tire pressure warning|Occupant sensing airbag|Overhead airbag|Power adjustable rear head restraints|Rear anti-roll bar|Power moonroof|Brake assist|Electronic Stability Control|Exterior Parking Camera Rear|Auto High-beam Headlights|Delay-off headlights|Fully automatic headlights|Rear fog lights|Panic alarm|Security system|Pilot Assist Driver Assistance System|Speed control|Auto-dimming door mirrors|Bumper Cover|Bumpers: body-color|Heated door mirrors|License Plate Frame|Power door mirrors|Roof rack: rails only|Spoiler|Turn signal indicator mirrors|12V Outlet in Cargo Area|360 Degree Surroundview Camera|Auto-dimming Rear-View mirror|Driver door bin|Driver vanity mirror|Front Heated & Ventilated Bucket Seats|Front reading lights|Garage door transmitter: HomeLink|Genuine wood console insert|Genuine wood dashboard insert|Genuine wood door panel insert|Graphical Head-Up Display|Heated Steering Wheel|Illuminated entry|Leather Shift Knob|Outside temperature display|Passenger vanity mirror|Rear reading lights|Rear seat center armrest|Rubber Floor Mats|Tachometer|Telescoping steering wheel|Tilt steering wheel|Trip computer|Front Bucket Seats|Front Center Armrest|Heated front seats|Perforated Nappa Leather Upholstery|Power passenger seat|Split folding rear seat|Ventilated front seats|Cargo Tray|Luggage Cover|Passenger door bin|Alloy wheels|Wheel Locks|Wheels: 19"" 5-Multi Spoke Black Diamond Cut Alloy|Wheels: 20"" 5-Multi Spoke Black Diamond Cut Alloy|Headlight High Pressure Cleaning|Rain sensing wipers|Rear window wiper|Variably intermittent wipers","http://vehicle-photos-published.vauto.com/57/98/6a/a4-735f-4998-8b96-3bd0ba9e3a32/image-1.jpg|http://vehicle-photos-published.vauto.com/57/98/6a/a4-735f-4998-8b96-3bd0ba9e3a32/image-2.jpg|http://vehicle-photos-published.vauto.com/57/98/6a/a4-735f-4998-8b96-3bd0ba9e3a32/image-3.jpg|http://vehicle-photos-published.vauto.com/57/98/6a/a4-735f-4998-8b96-3bd0ba9e3a32/image-4.jpg|http://vehicle-photos-published.vauto.com/57/98/6a/a4-735f-4998-8b96-3bd0ba9e3a32/image-5.jpg|http://vehicle-photos-published.vauto.com/57/98/6a/a4-735f-4998-8b96-3bd0ba9e3a32/image-6.jpg|http://vehicle-photos-published.vauto.com/57/98/6a/a4-735f-4998-8b96-3bd0ba9e3a32/image-7.jpg|http://vehicle-photos-published.vauto.com/57/98/6a/a4-735f-4998-8b96-3bd0ba9e3a32/image-8.jpg|http://vehicle-photos-published.vauto.com/57/98/6a/a4-735f-4998-8b96-3bd0ba9e3a32/image-9.jpg|http://vehicle-photos-published.vauto.com/57/98/6a/a4-735f-4998-8b96-3bd0ba9e3a32/image-10.jpg|http://vehicle-photos-published.vauto.com/57/98/6a/a4-735f-4998-8b96-3bd0ba9e3a32/image-11.jpg|http://vehicle-photos-published.vauto.com/57/98/6a/a4-735f-4998-8b96-3bd0ba9e3a32/image-12.jpg|http://vehicle-photos-published.vauto.com/57/98/6a/a4-735f-4998-8b96-3bd0ba9e3a32/image-13.jpg|http://vehicle-photos-published.vauto.com/57/98/6a/a4-735f-4998-8b96-3bd0ba9e3a32/image-14.jpg|http://vehicle-photos-published.vauto.com/57/98/6a/a4-735f-4998-8b96-3bd0ba9e3a32/image-15.jpg|http://vehicle-photos-published.vauto.com/57/98/6a/a4-735f-4998-8b96-3bd0ba9e3a32/image-16.jpg|http://vehicle-photos-published.vauto.com/57/98/6a/a4-735f-4998-8b96-3bd0ba9e3a32/image-17.jpg|http://vehicle-photos-published.vauto.com/57/98/6a/a4-735f-4998-8b96-3bd0ba9e3a32/image-18.jpg|http://vehicle-photos-published.vauto.com/57/98/6a/a4-735f-4998-8b96-3bd0ba9e3a32/image-19.jpg|http://vehicle-photos-published.vauto.com/57/98/6a/a4-735f-4998-8b96-3bd0ba9e3a32/image-20.jpg","","","","XC60T5","N","T8 Inscription","Automatic with Geartronic","68703","",""
